NUM_POSTE;NOM_USUEL;LAT;LON;ALTI;AAAAMM;RR;NBJRR1;NBJRR5;NBJRR10;NBJBROU;TX;TN;TM;UMM;INST;FFM
92007001;BAGNEUX;48.809667;2.308167;82;200001;20.0;8.0;1.0;0.0;0.0;;;;;;
92007001;BAGNEUX;48.809667;2.308167;82;200002;66.2;16.0;5.0;1.0;0.0;;;;;;
92007001;BAGNEUX;48.809667;2.308167;82;200003;37.7;7.0;3.0;0.0;0.0;;;;;;
92007001;BAGNEUX;48.809667;2.308167;82;200004;127.6;18.0;5.0;5.0;0.0;;;;;;
92007001;BAGNEUX;48.809667;2.308167;82;200005;97.4;12.0;5.0;2.0;0.0;;;;;;
92007001;BAGNEUX;48.809667;2.308167;82;200006;26.2;3.0;2.0;2.0;0.0;;;;;;
92007001;BAGNEUX;48.809667;2.308167;82;200007;166.3;16.0;8.0;6.0;0.0;;;;;;
92007001;BAGNEUX;48.809667;2.308167;82;200008;74.3;10.0;6.0;3.0;;;;;;;
92007001;BAGNEUX;48.809667;2.308167;82;200009;38.8;9.0;4.0;0.0;0.0;;;;;;
92007001;BAGNEUX;48.809667;2.308167;82;200010;123.8;13.0;9.0;6.0;0.0;;;;;;
92007001;BAGNEUX;48.809667;2.308167;82;200011;108.0;19.0;9.0;2.0;0.0;;;;;;
92007001;BAGNEUX;48.809667;2.308167;82;200012;75.7;13.0;6.0;1.0;0.0;;;;;;
92007001;BAGNEUX;48.809667;2.308167;82;200101;79.6;15.0;7.0;2.0;;;;;;;
92007001;BAGNEUX;48.809667;2.308167;82;200102;43.6;8.0;4.0;2.0;0.0;;;;;;
92007001;BAGNEUX;48.809667;2.308167;82;200103;135.0;22.0;9.0;4.0;0.0;;;;;;
92007001;BAGNEUX;48.809667;2.308167;82;200104;73.0;16.0;6.0;1.0;0.0;;;;;;
92007001;BAGNEUX;48.809667;2.308167;82;200105;33.3;7.0;2.0;1.0;0.0;;;;;;
92007001;BAGNEUX;48.809667;2.308167;82;200106;36.4;6.0;3.0;2.0;0.0;;;;;;
92007001;BAGNEUX;48.809667;2.308167;82;200107;219.1;11.0;8.0;5.0;0.0;;;;;;
92007001;BAGNEUX;48.809667;2.308167;82;200108;54.2;8.0;4.0;3.0;0.0;;;;;;
92007001;BAGNEUX;48.809667;2.308167;82;200109;84.4;14.0;7.0;3.0;0.0;;;;;;
92007001;BAGNEUX;48.809667;2.308167;82;200110;62.8;12.0;4.0;1.0;0.0;;;;;;
92007001;BAGNEUX;48.809667;2.308167;82;200111;47.6;12.0;3.0;1.0;0.0;;;;;;
92007001;BAGNEUX;48.809667;2.308167;82;200112;45.3;9.0;2.0;1.0;0.0;;;;;;
92007001;BAGNEUX;48.809667;2.308167;82;200201;32.5;8.0;1.0;0.0;0.0;;;;;;
92007001;BAGNEUX;48.809667;2.308167;82;200202;80.1;15.0;5.0;1.0;0.0;;;;;;
92007001;BAGNEUX;48.809667;2.308167;82;200203;64.4;9.0;4.0;2.0;0.0;;;;;;
92007001;BAGNEUX;48.809667;2.308167;82;200204;16.3;5.0;0.0;0.0;0.0;;;;;;
92007001;BAGNEUX;48.809667;2.308167;82;200205;78.0;13.0;6.0;3.0;0.0;;;;;;
92007001;BAGNEUX;48.809667;2.308167;82;200206;70.8;7.0;3.0;3.0;0.0;;;;;;
92007001;BAGNEUX;48.809667;2.308167;82;200207;45.1;9.0;3.0;1.0;0.0;;;;;;
92007001;BAGNEUX;48.809667;2.308167;82;200208;55.9;10.0;3.0;2.0;0.0;;;;;;
92007001;BAGNEUX;48.809667;2.308167;82;200209;15.0;6.0;0.0;0.0;0.0;;;;;;
92007001;BAGNEUX;48.809667;2.308167;82;200210;58.9;9.0;6.0;1.0;0.0;;;;;;
92007001;BAGNEUX;48.809667;2.308167;82;200211;122.6;17.0;10.0;5.0;0.0;;;;;;
92007001;BAGNEUX;48.809667;2.308167;82;200212;85.2;16.0;7.0;2.0;0.0;;;;;;
92007001;BAGNEUX;48.809667;2.308167;82;200301;48.9;13.0;2.0;0.0;0.0;;;;;;
92007001;BAGNEUX;48.809667;2.308167;82;200302;28.2;7.0;3.0;0.0;0.0;;;;;;
92007001;BAGNEUX;48.809667;2.308167;82;200303;22.8;3.0;1.0;1.0;0.0;;;;;;
92007001;BAGNEUX;48.809667;2.308167;82;200304;36.7;10.0;2.0;1.0;0.0;;;;;;
92007001;BAGNEUX;48.809667;2.308167;82;200305;71.5;10.0;3.0;2.0;0.0;;;;;;
92007001;BAGNEUX;48.809667;2.308167;82;200306;29.4;9.0;1.0;0.0;0.0;;;;;;
92007001;BAGNEUX;48.809667;2.308167;82;200307;39.6;9.0;4.0;1.0;0.0;;;;;;
92007001;BAGNEUX;48.809667;2.308167;82;200308;49.0;3.0;2.0;2.0;0.0;;;;;;
92007001;BAGNEUX;48.809667;2.308167;82;200309;11.0;3.0;1.0;0.0;0.0;;;;;;
92007001;BAGNEUX;48.809667;2.308167;82;200310;73.8;11.0;7.0;2.0;0.0;;;;;;
92007001;BAGNEUX;48.809667;2.308167;82;200311;57.7;11.0;2.0;2.0;0.0;;;;;;
92007001;BAGNEUX;48.809667;2.308167;82;200312;44.7;9.0;4.0;0.0;0.0;;;;;;
92007001;BAGNEUX;48.809667;2.308167;82;200401;109.1;15.0;10.0;3.0;0.0;;;;;;
92007001;BAGNEUX;48.809667;2.308167;82;200402;5.3;1.0;0.0;0.0;0.0;;;;;;
92007001;BAGNEUX;48.809667;2.308167;82;200403;34.0;7.0;3.0;0.0;0.0;;;;;;
92007001;BAGNEUX;48.809667;2.308167;82;200404;59.4;15.0;2.0;1.0;0.0;;;;;;
92007001;BAGNEUX;48.809667;2.308167;82;200405;46.1;8.0;5.0;1.0;0.0;;;;;;
92007001;BAGNEUX;48.809667;2.308167;82;200406;18.6;5.0;1.0;0.0;0.0;;;;;;
92007001;BAGNEUX;48.809667;2.308167;82;200407;58.8;9.0;6.0;1.0;0.0;;;;;;
92007001;BAGNEUX;48.809667;2.308167;82;200408;74.1;15.0;5.0;2.0;0.0;;;;;;
92007001;BAGNEUX;48.809667;2.308167;82;200409;40.8;4.0;2.0;1.0;0.0;;;;;;
92007001;BAGNEUX;48.809667;2.308167;82;200411;24.2;7.0;1.0;0.0;;;;;;;
92007001;BAGNEUX;48.809667;2.308167;82;200412;48.7;9.0;4.0;1.0;;;;;;;
92007001;BAGNEUX;48.809667;2.308167;82;200501;59.7;13.0;6.0;1.0;;;;;;;
92007001;BAGNEUX;48.809667;2.308167;82;200502;34.5;10.0;2.0;1.0;;;;;;;
92007001;BAGNEUX;48.809667;2.308167;82;200503;50.2;12.0;5.0;0.0;;;;;;;
92007001;BAGNEUX;48.809667;2.308167;82;200504;60.9;11.0;5.0;2.0;;;;;;;
92007001;BAGNEUX;48.809667;2.308167;82;200505;53.0;7.0;4.0;2.0;;;;;;;
92007001;BAGNEUX;48.809667;2.308167;82;200506;46.7;9.0;4.0;1.0;;;;;;;
92007001;BAGNEUX;48.809667;2.308167;82;200507;34.7;8.0;3.0;0.0;;;;;;;
92007001;BAGNEUX;48.809667;2.308167;82;200508;31.7;7.0;2.0;0.0;;;;;;;
92007001;BAGNEUX;48.809667;2.308167;82;200509;32.3;5.0;3.0;1.0;;;;;;;
92007001;BAGNEUX;48.809667;2.308167;82;200510;22.3;5.0;2.0;0.0;;;;;;;
92007001;BAGNEUX;48.809667;2.308167;82;200511;33.5;13.0;1.0;0.0;;;;;;;
92007001;BAGNEUX;48.809667;2.308167;82;200512;31.4;10.0;3.0;0.0;;;;;;;
92007001;BAGNEUX;48.809667;2.308167;82;200601;47.5;6.0;3.0;1.0;;;;;;;
92007001;BAGNEUX;48.809667;2.308167;82;200602;67.1;12.0;4.0;2.0;;;;;;;
92007001;BAGNEUX;48.809667;2.308167;82;200603;77.0;15.0;7.0;2.0;;;;;;;
92007001;BAGNEUX;48.809667;2.308167;82;200604;26.2;6.0;2.0;0.0;;;;;;;
92007001;BAGNEUX;48.809667;2.308167;82;200605;62.5;15.0;5.0;2.0;;;;;;;
92007001;BAGNEUX;48.809667;2.308167;82;200606;25.3;5.0;2.0;1.0;;;;;;;
92007001;BAGNEUX;48.809667;2.308167;82;200607;44.2;7.0;3.0;2.0;;;;;;;
92007001;BAGNEUX;48.809667;2.308167;82;200608;106.3;17.0;7.0;3.0;;;;;;;
92007001;BAGNEUX;48.809667;2.308167;82;200609;38.6;6.0;3.0;2.0;;;;;;;
92007001;BAGNEUX;48.809667;2.308167;82;200610;52.0;10.0;3.0;2.0;;;;;;;
92007001;BAGNEUX;48.809667;2.308167;82;200611;53.6;9.0;4.0;2.0;;;;;;;
92007001;BAGNEUX;48.809667;2.308167;82;200612;67.3;10.0;6.0;3.0;;;;;;;
92007001;BAGNEUX;48.809667;2.308167;82;200701;30.3;11.0;1.0;0.0;;;;;;;
92007001;BAGNEUX;48.809667;2.308167;82;200702;88.0;13.0;6.0;3.0;;;;;;;
92007001;BAGNEUX;48.809667;2.308167;82;200703;47.1;13.0;5.0;0.0;;;;;;;
92007001;BAGNEUX;48.809667;2.308167;82;200704;10.3;2.0;1.0;0.0;;;;;;;
92007001;BAGNEUX;48.809667;2.308167;82;200705;103.7;14.0;7.0;4.0;;;;;;;
92007001;BAGNEUX;48.809667;2.308167;82;200706;48.2;10.0;4.0;0.0;;;;;;;
92007001;BAGNEUX;48.809667;2.308167;82;200707;75.0;13.0;5.0;3.0;;;;;;;
92007001;BAGNEUX;48.809667;2.308167;82;200708;198.5;13.0;7.0;4.0;;;;;;;
92007001;BAGNEUX;48.809667;2.308167;82;200709;23.0;6.0;2.0;0.0;;;;;;;
92007001;BAGNEUX;48.809667;2.308167;82;200711;39.7;7.0;5.0;0.0;;;;;;;
92007001;BAGNEUX;48.809667;2.308167;82;200712;62.8;10.0;5.0;2.0;;;;;;;
92007001;BAGNEUX;48.809667;2.308167;82;200801;57.7;9.0;3.0;2.0;;;;;;;
92007001;BAGNEUX;48.809667;2.308167;82;200802;35.3;8.0;3.0;1.0;;;;;;;
92007001;BAGNEUX;48.809667;2.308167;82;200803;85.6;19.0;8.0;1.0;;;;;;;
92007001;BAGNEUX;48.809667;2.308167;82;200804;69.5;13.0;5.0;1.0;;;;;;;
92007001;BAGNEUX;48.809667;2.308167;82;200805;66.8;7.0;3.0;2.0;;;;;;;
92007001;BAGNEUX;48.809667;2.308167;82;200806;11.8;5.0;0.0;0.0;;;;;;;
92007001;BAGNEUX;48.809667;2.308167;82;200807;49.7;7.0;2.0;1.0;;;;;;;
92007001;BAGNEUX;48.809667;2.308167;82;200808;84.2;9.0;4.0;2.0;;;;;;;
92007001;BAGNEUX;48.809667;2.308167;82;200809;17.0;6.0;1.0;0.0;;;;;;;
92007001;BAGNEUX;48.809667;2.308167;82;200810;61.4;12.0;4.0;3.0;;;;;;;
92007001;BAGNEUX;48.809667;2.308167;82;200811;57.9;12.0;6.0;1.0;;;;;;;
92007001;BAGNEUX;48.809667;2.308167;82;200812;38.5;9.0;3.0;0.0;;;;;;;
92007001;BAGNEUX;48.809667;2.308167;82;200901;54.5;10.0;5.0;2.0;;;;;;;
92007001;BAGNEUX;48.809667;2.308167;82;200902;50.0;9.0;2.0;2.0;;;;;;;
92007001;BAGNEUX;48.809667;2.308167;82;200903;31.7;10.0;1.0;1.0;;;;;;;
92007001;BAGNEUX;48.809667;2.308167;82;200904;45.7;7.0;5.0;1.0;;;;;;;
92007001;BAGNEUX;48.809667;2.308167;82;200905;72.7;10.0;5.0;3.0;;;;;;;
92007001;BAGNEUX;48.809667;2.308167;82;200906;64.4;8.0;5.0;4.0;;;;;;;
92007001;BAGNEUX;48.809667;2.308167;82;200907;41.5;9.0;3.0;1.0;;;;;;;
92007001;BAGNEUX;48.809667;2.308167;82;200908;10.1;2.0;1.0;0.0;;;;;;;
92007001;BAGNEUX;48.809667;2.308167;82;200909;21.1;3.0;1.0;1.0;;;;;;;
92007001;BAGNEUX;48.809667;2.308167;82;200910;47.7;9.0;3.0;2.0;;;;;;;
92007001;BAGNEUX;48.809667;2.308167;82;200911;70.5;18.0;5.0;1.0;;;;;;;
92007001;BAGNEUX;48.809667;2.308167;82;200912;76.7;17.0;6.0;2.0;;;;;;;
92007001;BAGNEUX;48.809667;2.308167;82;201001;46.8;9.0;3.0;2.0;;;;;;;
92007001;BAGNEUX;48.809667;2.308167;82;201002;58.9;16.0;4.0;2.0;;;;;;;
92007001;BAGNEUX;48.809667;2.308167;82;201003;44.9;9.0;4.0;1.0;;;;;;;
92007001;BAGNEUX;48.809667;2.308167;82;201004;14.0;4.0;2.0;0.0;;;;;;;
92007001;BAGNEUX;48.809667;2.308167;82;201005;63.3;10.0;4.0;2.0;;;;;;;
92007001;BAGNEUX;48.809667;2.308167;82;201006;57.8;9.0;3.0;1.0;;;;;;;
92007001;BAGNEUX;48.809667;2.308167;82;201007;;;;;;;;;;;
92007001;BAGNEUX;48.809667;2.308167;82;201008;78.5;12.0;5.0;2.0;;;;;;;
92007001;BAGNEUX;48.809667;2.308167;82;201009;60.6;10.0;5.0;3.0;;;;;;;
92007001;BAGNEUX;48.809667;2.308167;82;201010;33.1;9.0;2.0;0.0;;;;;;;
92007001;BAGNEUX;48.809667;2.308167;82;201011;92.4;14.0;6.0;3.0;;;;;;;
92007001;BAGNEUX;48.809667;2.308167;82;201012;73.4;12.0;5.0;2.0;;;;;;;
92007001;BAGNEUX;48.809667;2.308167;82;201101;61.9;9.0;5.0;2.0;;;;;;;
92007001;BAGNEUX;48.809667;2.308167;82;201102;32.9;6.0;3.0;1.0;;;;;;;
92007001;BAGNEUX;48.809667;2.308167;82;201103;17.0;6.0;1.0;0.0;;;;;;;
92007001;BAGNEUX;48.809667;2.308167;82;201104;11.1;3.0;1.0;0.0;;;;;;;
92007001;BAGNEUX;48.809667;2.308167;82;201105;4.0;2.0;0.0;0.0;;;;;;;
92007001;BAGNEUX;48.809667;2.308167;82;201106;76.4;14.0;6.0;3.0;;;;;;;
92007001;BAGNEUX;48.809667;2.308167;82;201107;72.3;9.0;4.0;2.0;;;;;;;
92007001;BAGNEUX;48.809667;2.308167;82;201108;81.9;10.0;6.0;4.0;;;;;;;
92007001;BAGNEUX;48.809667;2.308167;82;201109;29.6;4.0;3.0;1.0;;;;;;;
92007001;BAGNEUX;48.809667;2.308167;82;201110;30.4;7.0;4.0;0.0;;;;;;;
92007001;BAGNEUX;48.809667;2.308167;82;201111;35.6;4.0;3.0;2.0;;;;;;;
92007001;BAGNEUX;48.809667;2.308167;82;201112;107.6;21.0;9.0;2.0;;;;;;;
92025001;COLOMBES;48.925167;2.255333;29;200001;18.1;8.0;0.0;0.0;0.0;7.6;3.0;5.3;;;
92025001;COLOMBES;48.925167;2.255333;29;200002;63.5;13.0;5.0;0.0;0.0;11.2;4.8;8.0;;;
92025001;COLOMBES;48.925167;2.255333;29;200003;39.1;11.0;3.0;0.0;0.0;13.4;5.3;9.3;;;
92025001;COLOMBES;48.925167;2.255333;29;200004;84.5;15.0;4.0;3.0;0.0;15.9;7.7;11.8;;;
92025001;COLOMBES;48.925167;2.255333;29;200005;103.2;13.0;5.0;4.0;0.0;21.2;12.1;16.7;;;
92025001;COLOMBES;48.925167;2.255333;29;200006;29.8;4.0;2.0;2.0;0.0;23.7;13.6;18.6;;;
92025001;COLOMBES;48.925167;2.255333;29;200007;160.0;15.0;10.0;8.0;0.0;22.6;13.7;18.1;;;
92025001;COLOMBES;48.925167;2.255333;29;200008;53.8;7.0;3.0;1.0;0.0;26.1;15.4;20.8;;;
92025001;COLOMBES;48.925167;2.255333;29;200009;37.6;7.0;4.0;0.0;0.0;22.2;13.3;17.7;;;
92025001;COLOMBES;48.925167;2.255333;29;200010;136.0;13.0;8.0;6.0;0.0;15.8;9.9;12.8;;;
92025001;COLOMBES;48.925167;2.255333;29;200011;86.4;16.0;7.0;2.0;0.0;11.8;6.6;9.2;;;
92025001;COLOMBES;48.925167;2.255333;29;200012;84.5;16.0;6.0;2.0;0.0;10.1;5.8;7.9;;;
92025001;COLOMBES;48.925167;2.255333;29;200101;65.7;14.0;5.0;2.0;;8.2;3.5;5.8;;;
92025001;COLOMBES;48.925167;2.255333;29;200102;42.0;11.0;3.0;0.0;0.0;9.9;3.7;6.8;;;
92025001;COLOMBES;48.925167;2.255333;29;200103;135.0;20.0;9.0;3.0;0.0;13.2;6.3;9.8;;;
92025001;COLOMBES;48.925167;2.255333;29;200104;65.5;15.0;3.0;1.0;0.0;14.0;6.7;10.4;;;
92025001;COLOMBES;48.925167;2.255333;29;200105;40.4;7.0;1.0;1.0;0.0;21.7;11.6;16.7;;;
92025001;COLOMBES;48.925167;2.255333;29;200106;39.6;5.0;4.0;1.0;0.0;23.7;12.8;18.2;;;
92025001;COLOMBES;48.925167;2.255333;29;200107;166.8;12.0;7.0;4.0;0.0;25.3;15.6;20.5;;;
92025001;COLOMBES;48.925167;2.255333;29;200108;61.7;9.0;4.0;3.0;0.0;26.5;15.9;21.2;;;
92025001;COLOMBES;48.925167;2.255333;29;200109;78.5;15.0;4.0;3.0;0.0;18.7;10.8;14.7;;;
92025001;COLOMBES;48.925167;2.255333;29;200110;66.8;12.0;4.0;2.0;0.0;19.7;12.4;16.1;;;
92025001;COLOMBES;48.925167;2.255333;29;200111;45.2;10.0;3.0;1.0;0.0;10.4;3.9;7.2;;;
92025001;COLOMBES;48.925167;2.255333;29;200112;47.8;6.0;3.0;1.0;0.0;6.8;1.6;4.2;;;
92025001;COLOMBES;48.925167;2.255333;29;200201;25.2;9.0;2.0;0.0;2.0;9.1;3.7;6.4;;;
92025001;COLOMBES;48.925167;2.255333;29;200202;75.8;13.0;4.0;1.0;0.0;11.9;5.9;8.9;;;
92025001;COLOMBES;48.925167;2.255333;29;200203;71.8;9.0;4.0;2.0;0.0;14.9;6.0;10.4;;;
92025001;COLOMBES;48.925167;2.255333;29;200204;9.0;4.0;0.0;0.0;0.0;18.1;6.8;12.4;;;
92025001;COLOMBES;48.925167;2.255333;29;200205;60.9;13.0;6.0;0.0;0.0;19.3;10.2;14.8;;;
92025001;COLOMBES;48.925167;2.255333;29;200206;59.9;6.0;4.0;3.0;0.0;24.5;14.1;19.3;;;
92025001;COLOMBES;48.925167;2.255333;29;200207;50.8;9.0;4.0;1.0;0.0;25.0;14.8;19.9;;;
92025001;COLOMBES;48.925167;2.255333;29;200208;54.0;9.0;5.0;1.0;0.0;24.8;15.3;20.0;;;
92025001;COLOMBES;48.925167;2.255333;29;200209;19.3;5.0;1.0;0.0;0.0;21.8;11.4;16.6;;;
92025001;COLOMBES;48.925167;2.255333;29;200210;76.2;13.0;5.0;3.0;0.0;17.4;9.3;13.3;;;
92025001;COLOMBES;48.925167;2.255333;29;200211;120.2;13.0;8.0;6.0;0.0;12.5;7.6;10.1;;;
92025001;COLOMBES;48.925167;2.255333;29;200212;72.6;15.0;4.0;3.0;0.0;9.7;5.5;7.6;;;
92025001;COLOMBES;48.925167;2.255333;29;200301;47.3;11.0;2.0;0.0;0.0;6.6;1.1;3.9;;;
92025001;COLOMBES;48.925167;2.255333;29;200302;30.5;6.0;2.0;0.0;0.0;8.8;1.2;5.0;;;
92025001;COLOMBES;48.925167;2.255333;29;200303;13.4;3.0;1.0;0.0;0.0;17.0;5.9;11.4;;;
92025001;COLOMBES;48.925167;2.255333;29;200304;30.8;6.0;1.0;1.0;0.0;18.6;7.2;12.9;;;
92025001;COLOMBES;48.925167;2.255333;29;200305;64.9;9.0;3.0;3.0;0.0;20.4;10.9;15.6;;;
92025001;COLOMBES;48.925167;2.255333;29;200306;105.0;9.0;4.0;2.0;0.0;27.0;16.6;21.8;;;
92025001;COLOMBES;48.925167;2.255333;29;200307;72.3;9.0;4.0;3.0;0.0;27.0;16.3;21.6;;;
92025001;COLOMBES;48.925167;2.255333;29;200308;59.9;3.0;3.0;2.0;0.0;30.8;18.0;24.4;;;
92025001;COLOMBES;48.925167;2.255333;29;200309;12.0;3.0;1.0;0.0;0.0;23.5;11.3;17.4;;;
92025001;COLOMBES;48.925167;2.255333;29;200310;50.9;11.0;5.0;0.0;0.0;14.6;6.4;10.5;;;
92025001;COLOMBES;48.925167;2.255333;29;200311;54.0;12.0;2.0;1.0;0.0;13.0;6.4;9.7;;;
92025001;COLOMBES;48.925167;2.255333;29;200312;48.1;9.0;4.0;1.0;0.0;8.3;3.1;5.7;;;
92025001;COLOMBES;48.925167;2.255333;29;200401;83.8;15.0;5.0;2.0;0.0;8.2;3.2;5.7;;;
92025001;COLOMBES;48.925167;2.255333;29;200402;3.5;1.0;0.0;0.0;0.0;10.2;3.4;6.8;;;
92025001;COLOMBES;48.925167;2.255333;29;200403;30.8;10.0;3.0;0.0;0.0;12.7;4.0;8.3;;;
92025001;COLOMBES;48.925167;2.255333;29;200404;66.3;13.0;4.0;2.0;0.0;17.0;7.5;12.3;;;
92025001;COLOMBES;48.925167;2.255333;29;200405;42.2;7.0;3.0;2.0;0.0;20.2;9.3;14.7;;;
92025001;COLOMBES;48.925167;2.255333;29;200406;19.0;4.0;1.0;0.0;0.0;24.9;13.6;19.2;;;
92025001;COLOMBES;48.925167;2.255333;29;200407;50.2;10.0;4.0;1.0;0.0;25.4;14.9;20.1;;;
92025001;COLOMBES;48.925167;2.255333;29;200408;93.5;15.0;7.0;2.0;0.0;26.2;16.2;21.2;;;
92025001;COLOMBES;48.925167;2.255333;29;200409;25.6;5.0;2.0;1.0;0.0;23.6;13.5;18.5;;;
92025001;COLOMBES;48.925167;2.255333;29;200410;95.7;10.0;7.0;2.0;;17.3;9.9;13.6;;;
92025001;COLOMBES;48.925167;2.255333;29;200411;27.4;8.0;1.0;0.0;;10.8;6.1;8.4;;;
92025001;COLOMBES;48.925167;2.255333;29;200412;39.4;8.0;3.0;1.0;;6.8;2.2;4.5;;;
92025001;COLOMBES;48.925167;2.255333;29;200501;47.4;12.0;2.0;1.0;;8.6;3.8;6.2;;;
92025001;COLOMBES;48.925167;2.255333;29;200502;23.2;7.0;1.0;0.0;;7.3;1.4;4.4;;;
92025001;COLOMBES;48.925167;2.255333;29;200503;42.2;10.0;3.0;0.0;;13.2;4.3;8.8;;;
92025001;COLOMBES;48.925167;2.255333;29;200504;60.9;13.0;3.0;2.0;;17.4;7.8;12.6;;;
92025001;COLOMBES;48.925167;2.255333;29;200505;45.8;7.0;4.0;2.0;;21.2;10.6;15.9;;;
92025001;COLOMBES;48.925167;2.255333;29;200506;66.4;9.0;5.0;2.0;;26.6;14.6;20.6;;;
92025001;COLOMBES;48.925167;2.255333;29;200507;67.9;10.0;4.0;2.0;;25.8;16.1;20.9;;;
92025001;COLOMBES;48.925167;2.255333;29;200508;31.1;8.0;2.0;1.0;;25.4;13.9;19.7;;;
92025001;COLOMBES;48.925167;2.255333;29;200509;27.8;6.0;2.0;1.0;;23.8;13.8;18.8;;;
92025001;COLOMBES;48.925167;2.255333;29;200510;24.7;6.0;1.0;0.0;;20.5;12.2;16.4;;;
92025001;COLOMBES;48.925167;2.255333;29;200511;35.2;10.0;0.0;0.0;;10.0;4.7;7.4;;;
92025001;COLOMBES;48.925167;2.255333;29;200512;28.3;7.0;2.0;0.0;;7.1;2.2;4.6;;;
92025001;COLOMBES;48.925167;2.255333;29;200601;30.1;7.0;1.0;1.0;;6.4;1.3;3.8;;;
92025001;COLOMBES;48.925167;2.255333;29;200602;62.6;10.0;4.0;2.0;;7.0;1.6;4.3;;;
92025001;COLOMBES;48.925167;2.255333;29;200603;72.8;16.0;4.0;3.0;;10.9;3.4;7.1;;;
92025001;COLOMBES;48.925167;2.255333;29;200604;33.9;5.0;3.0;0.0;;16.4;6.9;11.7;;;
92025001;COLOMBES;48.925167;2.255333;29;200605;64.8;12.0;5.0;1.0;;20.6;11.3;16.0;;;
92025001;COLOMBES;48.925167;2.255333;29;200606;33.7;6.0;1.0;1.0;;26.0;13.8;19.9;;;
92025001;COLOMBES;48.925167;2.255333;29;200607;50.6;9.0;4.0;2.0;;31.4;18.3;24.8;;;
92025001;COLOMBES;48.925167;2.255333;29;200608;79.3;15.0;5.0;3.0;;22.7;14.1;18.4;;;
92025001;COLOMBES;48.925167;2.255333;29;200609;42.3;6.0;3.0;2.0;;25.4;15.0;20.2;;;
92025001;COLOMBES;48.925167;2.255333;29;200610;32.8;9.0;2.0;1.0;;19.5;12.0;15.7;;;
92025001;COLOMBES;48.925167;2.255333;29;200611;49.2;10.0;2.0;2.0;;13.7;6.6;10.2;;;
92025001;COLOMBES;48.925167;2.255333;29;200612;63.6;8.0;5.0;3.0;;9.0;4.0;6.5;;;
92025001;COLOMBES;48.925167;2.255333;29;200701;23.8;8.0;0.0;0.0;;10.8;6.1;8.5;;;
92025001;COLOMBES;48.925167;2.255333;29;200702;80.4;13.0;6.0;3.0;;12.4;6.2;9.3;;;
92025001;COLOMBES;48.925167;2.255333;29;200703;38.7;14.0;1.0;0.0;;13.9;4.8;9.3;;;
92025001;COLOMBES;48.925167;2.255333;29;200704;11.2;1.0;1.0;1.0;;23.4;9.6;16.5;;;
92025001;COLOMBES;48.925167;2.255333;29;200705;81.4;15.0;6.0;1.0;;21.2;11.8;16.5;;;
92025001;COLOMBES;48.925167;2.255333;29;200706;44.0;12.0;4.0;0.0;;23.9;14.6;19.3;;;
92025001;COLOMBES;48.925167;2.255333;29;200707;81.6;14.0;6.0;4.0;;24.2;15.1;19.6;;;
92025001;COLOMBES;48.925167;2.255333;29;200708;109.8;12.0;6.0;5.0;;23.0;13.9;18.5;;;
92025001;COLOMBES;48.925167;2.255333;29;200709;17.3;4.0;1.0;0.0;;20.9;11.2;16.0;;;
92025001;COLOMBES;48.925167;2.255333;29;200710;82.9;5.0;5.0;4.0;;16.3;8.3;12.3;;;
92025001;COLOMBES;48.925167;2.255333;29;200711;38.1;7.0;1.0;0.0;;11.0;4.9;8.0;;;
92025001;COLOMBES;48.925167;2.255333;29;200712;62.8;11.0;5.0;1.0;;7.6;2.1;4.9;;;
92025001;COLOMBES;48.925167;2.255333;29;200801;52.5;12.0;4.0;2.0;;10.1;4.9;7.5;;;
92025001;COLOMBES;48.925167;2.255333;29;200802;24.6;10.0;1.0;0.0;;12.0;3.3;7.6;;;
92025001;COLOMBES;48.925167;2.255333;29;200803;86.9;17.0;5.0;1.0;;11.8;4.9;8.3;;;
92025001;COLOMBES;48.925167;2.255333;29;200804;54.8;11.0;5.0;2.0;;16.0;6.5;11.3;;;
92025001;COLOMBES;48.925167;2.255333;29;200805;84.4;10.0;6.0;2.0;;23.4;12.4;17.9;;;
92025001;COLOMBES;48.925167;2.255333;29;200806;16.1;5.0;1.0;0.0;;23.8;13.7;18.8;;;
92025001;COLOMBES;48.925167;2.255333;29;200807;39.8;5.0;4.0;1.0;;25.9;14.9;20.4;;;
92025001;COLOMBES;48.925167;2.255333;29;200808;65.0;7.0;5.0;2.0;;24.5;15.4;20.0;;;
92025001;COLOMBES;48.925167;2.255333;29;200809;22.9;5.0;1.0;1.0;;21.3;10.8;16.1;;;
92025001;COLOMBES;48.925167;2.255333;29;200810;71.2;11.0;6.0;2.0;;16.7;8.2;12.4;;;
92025001;COLOMBES;48.925167;2.255333;29;200811;45.9;14.0;3.0;0.0;;11.5;6.0;8.8;;;
92025001;COLOMBES;48.925167;2.255333;29;200812;29.5;8.0;0.0;0.0;;6.5;1.5;4.0;;;
92025001;COLOMBES;48.925167;2.255333;29;200901;52.9;9.0;4.0;2.0;;5.6;-0.4;2.6;;;
92025001;COLOMBES;48.925167;2.255333;29;200902;48.0;9.0;4.0;2.0;;8.9;1.7;5.3;;;
92025001;COLOMBES;48.925167;2.255333;29;200903;28.7;10.0;1.0;0.0;;13.8;4.1;8.9;;;
92025001;COLOMBES;48.925167;2.255333;29;200904;37.4;8.0;4.0;1.0;;19.0;8.6;13.8;;;
92025001;COLOMBES;48.925167;2.255333;29;200905;54.4;9.0;3.0;1.0;;21.2;11.0;16.1;;;
92025001;COLOMBES;48.925167;2.255333;29;200906;61.5;8.0;4.0;3.0;;23.9;13.2;18.5;;;
92025001;COLOMBES;48.925167;2.255333;29;200907;37.1;10.0;2.0;1.0;;27.1;15.7;21.4;;;
92025001;COLOMBES;48.925167;2.255333;29;200908;7.8;2.0;1.0;0.0;;28.8;16.0;22.4;;;
92025001;COLOMBES;48.925167;2.255333;29;200909;22.7;5.0;2.0;0.0;;23.6;12.6;18.1;;;
92025001;COLOMBES;48.925167;2.255333;29;200910;60.2;11.0;2.0;2.0;;17.6;9.0;13.3;;;
92025001;COLOMBES;48.925167;2.255333;29;200911;51.6;15.0;3.0;1.0;;13.6;8.1;10.9;;;
92025001;COLOMBES;48.925167;2.255333;29;200912;70.3;15.0;6.0;1.0;;7.9;2.1;5.0;;;
92025001;COLOMBES;48.925167;2.255333;29;201001;35.4;8.0;3.0;0.0;;4.5;-0.3;2.1;;;
92025001;COLOMBES;48.925167;2.255333;29;201002;52.2;11.0;3.0;2.0;;8.3;1.9;5.1;;;
92025001;COLOMBES;48.925167;2.255333;29;201003;31.2;9.0;2.0;0.0;;13.2;4.3;8.7;;;
92025001;COLOMBES;48.925167;2.255333;29;201004;13.1;4.0;1.0;0.0;;19.0;6.4;12.7;;;
92025001;COLOMBES;48.925167;2.255333;29;201005;36.1;7.0;4.0;0.0;;19.2;9.1;14.2;;;
92025001;COLOMBES;48.925167;2.255333;29;201006;52.6;7.0;4.0;1.0;;25.4;14.2;19.8;;;
92025001;COLOMBES;48.925167;2.255333;29;201007;73.3;8.0;4.0;3.0;;28.2;17.1;22.7;;;
92025001;COLOMBES;48.925167;2.255333;29;201008;66.5;11.0;4.0;1.0;;24.5;14.8;19.7;;;
92025001;COLOMBES;48.925167;2.255333;29;201009;60.7;9.0;4.0;2.0;;22.1;11.5;16.8;;;
92025001;COLOMBES;48.925167;2.255333;29;201010;38.9;9.0;4.0;0.0;;16.8;8.2;12.5;;;
92025001;COLOMBES;48.925167;2.255333;29;201011;64.9;12.0;5.0;1.0;;10.3;5.4;7.8;;;
92025001;COLOMBES;48.925167;2.255333;29;201012;72.3;13.0;6.0;3.0;;3.6;-0.8;1.4;;;
92025001;COLOMBES;48.925167;2.255333;29;201101;66.0;11.0;4.0;2.0;;8.2;3.1;5.6;;;
92025001;COLOMBES;48.925167;2.255333;29;201102;32.5;8.0;2.0;0.0;;10.8;4.2;7.5;;;
92025001;COLOMBES;48.925167;2.255333;29;201103;17.0;4.0;2.0;0.0;;15.9;5.2;10.5;;;
92025001;COLOMBES;48.925167;2.255333;29;201104;7.9;1.0;0.0;0.0;;22.2;9.7;15.9;;;
92025001;COLOMBES;48.925167;2.255333;29;201105;1.5;0.0;0.0;0.0;;23.8;11.1;17.5;;;
92025001;COLOMBES;48.925167;2.255333;29;201106;84.2;15.0;5.0;2.0;;24.2;13.9;19.0;;;
92025001;COLOMBES;48.925167;2.255333;29;201107;62.7;11.0;5.0;2.0;;23.6;13.7;18.6;;;
92025001;COLOMBES;48.925167;2.255333;29;201108;66.0;11.0;6.0;2.0;;25.5;14.9;20.2;;;
92025001;COLOMBES;48.925167;2.255333;29;201109;39.0;5.0;2.0;2.0;;24.6;13.5;19.1;;;
92025001;COLOMBES;48.925167;2.255333;29;201110;24.3;7.0;1.0;0.0;;19.0;10.0;14.5;;;
92025001;COLOMBES;48.925167;2.255333;29;201111;44.9;4.0;3.0;3.0;;13.7;7.3;10.5;;;
92025001;COLOMBES;48.925167;2.255333;29;201112;95.9;20.0;6.0;1.0;;11.0;5.1;8.1;;;
92026001;COURBEVOIE;48.898167;2.230667;51;200001;19.8;7.0;0.0;0.0;;7.4;3.1;5.3;87.0;;2.1
92026001;COURBEVOIE;48.898167;2.230667;51;200002;48.6;15.0;2.0;0.0;;11.0;5.0;8.0;;;2.3
92026001;COURBEVOIE;48.898167;2.230667;51;200003;36.2;10.0;2.0;0.0;;13.1;5.5;9.3;;;2.0
92026001;COURBEVOIE;48.898167;2.230667;51;200004;90.2;15.0;5.0;3.0;;15.4;7.8;11.6;;;2.4
92026001;COURBEVOIE;48.898167;2.230667;51;200005;83.0;11.0;3.0;2.0;;20.9;12.5;16.7;;;3.9
92026001;COURBEVOIE;48.898167;2.230667;51;200006;31.0;4.0;2.0;2.0;;23.7;14.4;19.1;;;3.1
92026001;COURBEVOIE;48.898167;2.230667;51;200007;132.6;14.0;9.0;4.0;;22.8;13.9;18.4;;;3.1
92026001;COURBEVOIE;48.898167;2.230667;51;200008;36.6;6.0;3.0;2.0;;26.2;16.0;21.1;;;1.7
92026001;COURBEVOIE;48.898167;2.230667;51;200009;40.2;9.0;2.0;0.0;;22.2;13.9;18.0;;;2.9
92026001;COURBEVOIE;48.898167;2.230667;51;200010;122.0;14.0;7.0;6.0;;16.0;10.3;13.2;;;
92026001;COURBEVOIE;48.898167;2.230667;51;200011;79.8;18.0;7.0;1.0;;12.0;7.1;9.5;78.0;;
92026001;COURBEVOIE;48.898167;2.230667;51;200012;72.4;14.0;5.0;2.0;;10.4;6.1;8.3;78.0;;
92026001;COURBEVOIE;48.898167;2.230667;51;200101;62.6;12.0;6.0;1.0;;8.2;3.8;6.0;76.0;;
92026001;COURBEVOIE;48.898167;2.230667;51;200102;44.0;11.0;4.0;0.0;;9.6;3.8;6.7;;;
92026001;COURBEVOIE;48.898167;2.230667;51;200103;138.9;22.0;9.0;3.0;;13.3;6.6;9.9;74.0;;
92026001;COURBEVOIE;48.898167;2.230667;51;200104;65.0;15.0;6.0;1.0;;14.2;7.0;10.6;66.0;;
92026001;COURBEVOIE;48.898167;2.230667;51;200105;44.6;5.0;1.0;1.0;;21.9;12.0;17.0;56.0;;
92026001;COURBEVOIE;48.898167;2.230667;51;200106;32.2;5.0;3.0;1.0;;23.9;13.5;18.7;51.0;;
92026001;COURBEVOIE;48.898167;2.230667;51;200107;190.6;13.0;8.0;5.0;;25.6;16.1;20.8;60.0;;
92026001;COURBEVOIE;48.898167;2.230667;51;200108;56.4;8.0;4.0;3.0;;26.6;16.6;21.6;55.0;;
92026001;COURBEVOIE;48.898167;2.230667;51;200109;81.4;11.0;5.0;3.0;;18.9;11.5;15.2;72.0;;
92026001;COURBEVOIE;48.898167;2.230667;51;200110;74.1;13.0;4.0;2.0;;19.8;13.1;16.4;73.0;;
92026001;COURBEVOIE;48.898167;2.230667;51;200111;45.6;11.0;2.0;1.0;;10.6;4.6;7.6;78.0;;
92026001;COURBEVOIE;48.898167;2.230667;51;200112;49.2;7.0;3.0;1.0;;6.6;1.9;4.3;76.0;;
92026001;COURBEVOIE;48.898167;2.230667;51;200201;25.8;7.0;1.0;1.0;;9.1;4.4;6.8;76.0;;
92026001;COURBEVOIE;48.898167;2.230667;51;200202;86.4;14.0;6.0;2.0;;11.7;6.0;8.8;68.0;;
92026001;COURBEVOIE;48.898167;2.230667;51;200203;73.6;10.0;4.0;3.0;;14.3;6.6;10.4;63.0;;
92026001;COURBEVOIE;48.898167;2.230667;51;200204;9.0;4.0;0.0;0.0;;17.5;7.2;12.4;50.0;;
92026001;COURBEVOIE;48.898167;2.230667;51;200205;68.2;13.0;5.0;1.0;;19.3;10.5;14.9;66.0;;
92026001;COURBEVOIE;48.898167;2.230667;51;200206;52.4;7.0;4.0;3.0;;24.5;14.4;19.5;60.0;;
92026001;COURBEVOIE;48.898167;2.230667;51;200207;48.8;8.0;5.0;1.0;;24.9;15.0;20.0;62.0;;
92026001;COURBEVOIE;48.898167;2.230667;51;200208;52.2;9.0;4.0;1.0;;24.6;15.6;20.1;67.0;;
92026001;COURBEVOIE;48.898167;2.230667;51;200209;18.8;6.0;2.0;0.0;;21.2;12.0;16.6;64.0;;
92026001;COURBEVOIE;48.898167;2.230667;51;200210;63.0;11.0;5.0;1.0;;17.0;9.7;13.4;71.0;;
92026001;COURBEVOIE;48.898167;2.230667;51;200211;111.2;14.0;8.0;5.0;;12.4;8.0;10.2;83.0;;
92026001;COURBEVOIE;48.898167;2.230667;51;200212;55.6;15.0;4.0;1.0;;9.4;5.7;7.5;82.0;;
92026001;COURBEVOIE;48.898167;2.230667;51;200301;46.8;12.0;3.0;0.0;;6.2;1.1;3.7;81.0;;
92026001;COURBEVOIE;48.898167;2.230667;51;200302;29.0;7.0;2.0;0.0;;7.9;1.9;4.9;68.0;;
92026001;COURBEVOIE;48.898167;2.230667;51;200303;13.0;3.0;1.0;0.0;;16.1;6.8;11.4;57.0;;
92026001;COURBEVOIE;48.898167;2.230667;51;200304;29.2;8.0;1.0;1.0;;17.5;7.9;12.7;54.0;;
92026001;COURBEVOIE;48.898167;2.230667;51;200305;67.2;8.0;4.0;3.0;;20.2;11.2;15.7;64.0;;
92026001;COURBEVOIE;48.898167;2.230667;51;200306;78.8;8.0;3.0;2.0;;27.0;17.2;22.1;59.0;;
92026001;COURBEVOIE;48.898167;2.230667;51;200307;95.2;8.0;4.0;3.0;;27.1;16.6;21.8;57.0;;
92026001;COURBEVOIE;48.898167;2.230667;51;200308;38.4;3.0;3.0;1.0;;30.7;18.5;24.6;52.0;;
92026001;COURBEVOIE;48.898167;2.230667;51;200309;11.0;2.0;1.0;0.0;;23.2;12.3;17.8;60.0;;
92026001;COURBEVOIE;48.898167;2.230667;51;200310;59.2;10.0;6.0;1.0;;14.2;7.1;10.7;74.0;;
92026001;COURBEVOIE;48.898167;2.230667;51;200311;51.4;10.0;2.0;1.0;;12.6;7.1;9.8;84.0;;
92026001;COURBEVOIE;48.898167;2.230667;51;200312;52.2;9.0;5.0;1.0;;8.4;3.9;6.1;82.0;;
92026001;COURBEVOIE;48.898167;2.230667;51;200401;103.6;17.0;7.0;4.0;;8.3;3.5;5.9;83.0;;
92026001;COURBEVOIE;48.898167;2.230667;51;200402;4.4;1.0;0.0;0.0;;9.8;3.7;6.7;71.0;;
92026001;COURBEVOIE;48.898167;2.230667;51;200403;28.6;6.0;3.0;0.0;;12.1;4.5;8.3;68.0;;
92026001;COURBEVOIE;48.898167;2.230667;51;200404;64.4;14.0;3.0;1.0;;16.4;7.8;12.1;66.0;;
92026001;COURBEVOIE;48.898167;2.230667;51;200405;44.4;7.0;4.0;1.0;;19.4;9.7;14.5;62.0;;
92026001;COURBEVOIE;48.898167;2.230667;51;200406;17.2;4.0;0.0;0.0;;24.5;14.1;19.3;61.0;;
92026001;COURBEVOIE;48.898167;2.230667;51;200407;54.8;10.0;5.0;1.0;;24.9;15.3;20.1;63.0;;
92026001;COURBEVOIE;48.898167;2.230667;51;200408;81.4;14.0;5.0;2.0;;26.1;16.6;21.4;66.0;;
92026001;COURBEVOIE;48.898167;2.230667;51;200409;28.6;4.0;2.0;2.0;;23.9;14.1;19.0;67.0;;
92026001;COURBEVOIE;48.898167;2.230667;51;200410;86.6;11.0;6.0;2.0;;17.4;10.6;14.0;79.0;;2.1
92026001;COURBEVOIE;48.898167;2.230667;51;200411;23.2;7.0;2.0;0.0;;10.9;6.4;8.6;87.0;;1.5
92026001;COURBEVOIE;48.898167;2.230667;51;200412;39.4;8.0;2.0;1.0;;6.8;2.4;4.6;89.0;;1.7
92026001;COURBEVOIE;48.898167;2.230667;51;200501;47.8;13.0;3.0;1.0;;8.8;3.9;6.3;85.0;;2.1
92026001;COURBEVOIE;48.898167;2.230667;51;200502;26.2;9.0;1.0;0.0;;6.9;1.7;4.3;79.0;;2.0
92026001;COURBEVOIE;48.898167;2.230667;51;200503;44.4;11.0;3.0;1.0;;13.0;5.0;9.0;76.0;;1.8
92026001;COURBEVOIE;48.898167;2.230667;51;200504;62.2;11.0;5.0;2.0;;17.1;8.1;12.6;70.0;;1.9
92026001;COURBEVOIE;48.898167;2.230667;51;200505;48.4;7.0;4.0;3.0;;20.8;11.0;15.9;64.0;;1.9
92026001;COURBEVOIE;48.898167;2.230667;51;200506;80.2;8.0;4.0;2.0;;26.0;15.2;20.6;62.0;;1.7
92026001;COURBEVOIE;48.898167;2.230667;51;200507;32.4;9.0;2.0;1.0;;25.8;16.3;21.0;67.0;;1.9
92026001;COURBEVOIE;48.898167;2.230667;51;200508;36.2;9.0;3.0;0.0;;25.5;14.2;19.9;65.0;;1.6
92026001;COURBEVOIE;48.898167;2.230667;51;200509;29.0;5.0;2.0;2.0;;23.8;14.3;19.0;68.0;;1.5
92026001;COURBEVOIE;48.898167;2.230667;51;200510;27.2;6.0;1.0;1.0;;20.4;13.2;16.8;76.0;;2.0
92026001;COURBEVOIE;48.898167;2.230667;51;200511;35.6;10.0;1.0;0.0;;10.2;4.8;7.5;85.0;;1.7
92026001;COURBEVOIE;48.898167;2.230667;51;200512;25.2;9.0;1.0;0.0;;7.2;2.4;4.8;84.0;;1.8
92026001;COURBEVOIE;48.898167;2.230667;51;200601;31.2;6.0;3.0;1.0;;6.3;2.0;4.1;82.0;;1.8
92026001;COURBEVOIE;48.898167;2.230667;51;200602;56.0;11.0;4.0;2.0;;6.6;1.7;4.1;84.0;;1.9
92026001;COURBEVOIE;48.898167;2.230667;51;200603;75.4;14.0;5.0;2.0;;10.2;3.6;6.9;75.0;;2.4
92026001;COURBEVOIE;48.898167;2.230667;51;200604;40.8;6.0;3.0;1.0;;16.3;7.2;11.8;66.0;;1.9
92026001;COURBEVOIE;48.898167;2.230667;51;200605;67.2;13.0;7.0;2.0;;20.5;11.7;16.1;72.0;;2.2
92026001;COURBEVOIE;48.898167;2.230667;51;200606;31.0;5.0;2.0;1.0;;25.5;14.6;20.1;61.0;;1.8
92026001;COURBEVOIE;48.898167;2.230667;51;200607;19.2;9.0;0.0;0.0;;30.9;19.1;25.0;57.0;;1.7
92026001;COURBEVOIE;48.898167;2.230667;51;200608;99.2;15.0;6.0;3.0;;22.8;14.6;18.7;75.0;;2.0
92026001;COURBEVOIE;48.898167;2.230667;51;200609;35.4;7.0;2.0;1.0;;25.0;16.1;20.5;71.0;;1.5
92026001;COURBEVOIE;48.898167;2.230667;51;200610;26.8;6.0;2.0;1.0;;19.4;13.0;16.1;78.0;;1.9
92026001;COURBEVOIE;48.898167;2.230667;51;200611;49.6;9.0;3.0;2.0;;13.8;7.4;10.6;80.0;;1.7
92026001;COURBEVOIE;48.898167;2.230667;51;200612;59.0;9.0;6.0;2.0;;9.0;4.2;6.6;82.0;;2.2
92026001;COURBEVOIE;48.898167;2.230667;51;200701;23.4;9.0;0.0;0.0;;10.7;6.4;8.6;77.0;;2.5
92026001;COURBEVOIE;48.898167;2.230667;51;200702;79.4;13.0;6.0;4.0;;12.1;6.6;9.4;75.0;;2.3
92026001;COURBEVOIE;48.898167;2.230667;51;200703;39.2;12.0;2.0;0.0;;12.9;5.1;9.0;71.0;;2.0
92026001;COURBEVOIE;48.898167;2.230667;51;200704;0.0;0.0;0.0;0.0;;20.5;8.6;14.4;53.0;;1.4
92026001;COURBEVOIE;48.898167;2.230667;51;200705;18.2;5.0;1.0;0.0;;20.1;11.6;15.5;70.0;;1.7
92026001;COURBEVOIE;48.898167;2.230667;51;200706;17.8;5.0;2.0;0.0;;20.8;13.9;17.2;70.0;;2.2
92026001;COURBEVOIE;48.898167;2.230667;51;200707;70.2;13.0;5.0;3.0;;24.0;15.1;19.6;63.0;;1.9
92026001;COURBEVOIE;48.898167;2.230667;51;200708;110.2;14.0;6.0;3.0;;23.0;14.6;18.8;70.0;;1.7
92026001;COURBEVOIE;48.898167;2.230667;51;200709;13.4;3.0;1.0;0.0;;21.0;11.9;16.4;68.0;;1.6
92026001;COURBEVOIE;48.898167;2.230667;51;200710;72.4;5.0;4.0;3.0;;16.0;9.0;12.5;78.0;;1.3
92026001;COURBEVOIE;48.898167;2.230667;51;200711;31.6;8.0;2.0;0.0;;11.3;6.0;8.7;79.0;;1.8
92026001;COURBEVOIE;48.898167;2.230667;51;200712;;1.0;1.0;0.0;;12.5;7.2;9.9;82.0;;1.9
92026001;COURBEVOIE;48.898167;2.230667;51;200802;;3.0;0.0;0.0;;13.3;7.9;10.6;78.0;;1.7
92026001;COURBEVOIE;48.898167;2.230667;51;200803;75.3;18.0;7.0;1.0;;11.3;5.3;8.3;72.0;;2.3
92026001;COURBEVOIE;48.898167;2.230667;51;200804;56.0;14.0;5.0;0.0;;15.4;7.0;11.2;65.0;;1.5
92026001;COURBEVOIE;48.898167;2.230667;51;200805;68.6;11.0;7.0;1.0;;22.8;13.5;18.2;58.0;;1.1
92026001;COURBEVOIE;48.898167;2.230667;51;200806;18.2;4.0;1.0;0.0;;23.7;14.2;18.9;61.0;;1.7
92026001;COURBEVOIE;48.898167;2.230667;51;200807;7.4;1.0;1.0;0.0;;26.7;16.0;21.1;59.0;;1.6
92026001;COURBEVOIE;48.898167;2.230667;51;200911;;;;;;13.8;9.0;11.4;82.0;;
92026001;COURBEVOIE;48.898167;2.230667;51;200912;;;;;;7.4;2.2;4.8;89.0;;
92026001;COURBEVOIE;48.898167;2.230667;51;201001;;;;;;4.1;0.0;2.0;88.0;;
92026001;COURBEVOIE;48.898167;2.230667;51;201002;;;;;;7.5;2.4;5.0;85.0;;
92026001;COURBEVOIE;48.898167;2.230667;51;201003;;;;;;12.5;4.9;8.7;70.0;;
92026001;COURBEVOIE;48.898167;2.230667;51;201004;;;;;;18.1;7.2;12.6;63.0;;
92026001;COURBEVOIE;48.898167;2.230667;51;201005;;;;;;18.4;9.4;13.9;71.0;;
92026001;COURBEVOIE;48.898167;2.230667;51;201006;1.5;1.0;0.0;0.0;;24.5;14.4;19.5;66.0;;
92026001;COURBEVOIE;48.898167;2.230667;51;201007;;;;;;27.7;17.4;22.6;64.0;;
92026001;COURBEVOIE;48.898167;2.230667;51;201008;;;;;;24.3;15.3;19.8;77.0;;
92026001;COURBEVOIE;48.898167;2.230667;51;201009;;;;;;21.5;12.2;16.8;77.0;;
92026001;COURBEVOIE;48.898167;2.230667;51;201010;;;;;;16.6;9.1;12.9;69.0;;
92026001;COURBEVOIE;48.898167;2.230667;51;201011;;;;;;9.9;5.7;7.8;84.0;;
92026001;COURBEVOIE;48.898167;2.230667;51;201012;;;;;;3.2;-0.5;1.3;91.0;;
92026001;COURBEVOIE;48.898167;2.230667;51;201101;;;;;;7.6;3.3;5.4;92.0;;
92026001;COURBEVOIE;48.898167;2.230667;51;201102;;;;;;10.1;4.3;7.2;;;
92026001;COURBEVOIE;48.898167;2.230667;51;201103;;;;;;14.9;5.2;9.7;;;
92026001;COURBEVOIE;48.898167;2.230667;51;201104;;;;;;19.5;9.3;14.4;;;
92026001;COURBEVOIE;48.898167;2.230667;51;201105;;;;;;22.0;10.9;16.3;;;
92026001;COURBEVOIE;48.898167;2.230667;51;201106;;;;;;23.9;13.8;18.9;;;
92026001;COURBEVOIE;48.898167;2.230667;51;201107;;;;;;22.9;13.6;17.9;;;1.3
92026001;COURBEVOIE;48.898167;2.230667;51;201108;;;;;;25.0;15.6;20.3;;;1.8
92026001;COURBEVOIE;48.898167;2.230667;51;201109;;;;;;24.3;14.3;19.3;;;1.9
92026001;COURBEVOIE;48.898167;2.230667;51;201110;;;;;;18.4;10.9;14.6;;;1.8
92026001;COURBEVOIE;48.898167;2.230667;51;201111;;;;;;13.6;7.6;10.6;;;1.7
92026001;COURBEVOIE;48.898167;2.230667;51;201112;;;;;;10.6;5.5;8.1;;;2.6
92032001;FONTENAY - CEN;48.788167;2.276333;159;200001;23.1;9.0;0.0;0.0;0.0;6.9;2.7;4.8;;;
92032001;FONTENAY - CEN;48.788167;2.276333;159;200002;65.7;14.0;4.0;2.0;0.0;10.6;4.1;7.3;;;
92032001;FONTENAY - CEN;48.788167;2.276333;159;200003;39.6;9.0;2.0;1.0;0.0;12.8;5.1;8.9;;;
92032001;FONTENAY - CEN;48.788167;2.276333;159;200004;106.6;17.0;5.0;4.0;0.0;15.1;7.5;11.3;;;
92032001;FONTENAY - CEN;48.788167;2.276333;159;200005;68.1;13.0;3.0;2.0;0.0;20.8;12.0;16.4;;;
92032001;FONTENAY - CEN;48.788167;2.276333;159;200006;28.1;4.0;2.0;1.0;0.0;23.7;13.8;18.7;;;
92032001;FONTENAY - CEN;48.788167;2.276333;159;200007;155.6;15.0;9.0;6.0;0.0;22.4;13.7;18.1;;;
92032001;FONTENAY - CEN;48.788167;2.276333;159;200008;56.4;7.0;4.0;2.0;;26.2;15.7;20.9;;;
92032001;FONTENAY - CEN;48.788167;2.276333;159;200009;45.7;10.0;5.0;0.0;0.0;22.3;13.2;17.8;;;
92032001;FONTENAY - CEN;48.788167;2.276333;159;200010;121.8;14.0;9.0;5.0;0.0;15.7;9.3;12.5;;;
92032001;FONTENAY - CEN;48.788167;2.276333;159;200011;110.2;22.0;9.0;2.0;0.0;11.3;5.8;8.6;;;
92032001;FONTENAY - CEN;48.788167;2.276333;159;200012;82.5;15.0;7.0;2.0;0.0;10.0;4.6;7.3;;;
92032001;FONTENAY - CEN;48.788167;2.276333;159;200101;64.0;13.0;6.0;1.0;;8.1;3.5;5.8;;;
92032001;FONTENAY - CEN;48.788167;2.276333;159;200102;46.6;10.0;4.0;0.0;0.0;9.1;3.3;6.2;;;
92032001;FONTENAY - CEN;48.788167;2.276333;159;200103;133.6;23.0;10.0;4.0;0.0;12.9;5.9;9.4;;;
92032001;FONTENAY - CEN;48.788167;2.276333;159;200104;78.5;16.0;7.0;2.0;0.0;13.6;6.2;9.9;;;
92032001;FONTENAY - CEN;48.788167;2.276333;159;200105;21.6;6.0;1.0;0.0;0.0;21.5;11.6;16.6;;;
92032001;FONTENAY - CEN;48.788167;2.276333;159;200106;45.1;7.0;4.0;2.0;0.0;24.2;12.8;18.5;;;
92032001;FONTENAY - CEN;48.788167;2.276333;159;200107;177.7;11.0;8.0;4.0;0.0;25.4;15.9;20.6;;;
92032001;FONTENAY - CEN;48.788167;2.276333;159;200108;55.0;9.0;4.0;2.0;0.0;26.8;15.7;21.3;;;
92032001;FONTENAY - CEN;48.788167;2.276333;159;200109;82.0;15.0;7.0;2.0;0.0;18.7;10.7;14.7;;;
92032001;FONTENAY - CEN;48.788167;2.276333;159;200110;69.9;13.0;5.0;1.0;0.0;20.0;11.3;15.7;;;
92032001;FONTENAY - CEN;48.788167;2.276333;159;200111;41.1;11.0;3.0;0.0;0.0;10.1;3.9;7.0;;;
92032001;FONTENAY - CEN;48.788167;2.276333;159;200112;46.3;10.0;3.0;1.0;0.0;6.1;1.3;3.7;;;
92032001;FONTENAY - CEN;48.788167;2.276333;159;200201;26.1;6.0;1.0;0.0;0.0;8.3;3.0;5.7;;;
92032001;FONTENAY - CEN;48.788167;2.276333;159;200202;83.4;15.0;4.0;2.0;0.0;11.0;5.2;8.1;;;
92032001;FONTENAY - CEN;48.788167;2.276333;159;200203;66.0;10.0;4.0;2.0;0.0;14.5;5.7;10.1;;;
92032001;FONTENAY - CEN;48.788167;2.276333;159;200204;17.8;5.0;1.0;0.0;0.0;17.7;6.5;12.1;;;
92032001;FONTENAY - CEN;48.788167;2.276333;159;200205;69.1;13.0;5.0;1.0;0.0;19.8;9.5;14.7;;;
92032001;FONTENAY - CEN;48.788167;2.276333;159;200206;60.0;7.0;3.0;2.0;0.0;24.9;13.7;19.3;;;
92032001;FONTENAY - CEN;48.788167;2.276333;159;200207;44.1;7.0;4.0;1.0;0.0;24.8;14.4;19.6;;;
92032001;FONTENAY - CEN;48.788167;2.276333;159;200208;60.0;10.0;4.0;1.0;0.0;25.1;15.1;20.1;;;
92032001;FONTENAY - CEN;48.788167;2.276333;159;200209;15.3;5.0;0.0;0.0;0.0;21.8;11.4;16.6;;;
92032001;FONTENAY - CEN;48.788167;2.276333;159;200210;72.6;11.0;6.0;4.0;0.0;16.8;9.0;12.9;;;
92032001;FONTENAY - CEN;48.788167;2.276333;159;200211;116.7;20.0;8.0;4.0;0.0;12.1;7.0;9.6;;;
92032001;FONTENAY - CEN;48.788167;2.276333;159;200212;82.4;19.0;5.0;3.0;0.0;9.1;4.9;7.0;;;
92032001;FONTENAY - CEN;48.788167;2.276333;159;200301;49.9;15.0;2.0;0.0;0.0;6.0;0.8;3.4;;;
92032001;FONTENAY - CEN;48.788167;2.276333;159;200302;25.1;7.0;1.0;0.0;0.0;7.6;0.9;4.2;;;
92032001;FONTENAY - CEN;48.788167;2.276333;159;200303;14.8;3.0;1.0;0.0;0.0;16.3;6.3;11.3;;;
92032001;FONTENAY - CEN;48.788167;2.276333;159;200304;30.6;9.0;1.0;1.0;0.0;18.3;7.2;12.8;;;
92032001;FONTENAY - CEN;48.788167;2.276333;159;200305;76.0;10.0;4.0;2.0;0.0;20.4;10.3;15.3;;;
92032001;FONTENAY - CEN;48.788167;2.276333;159;200306;26.5;8.0;1.0;0.0;0.0;27.4;16.7;22.1;;;
92032001;FONTENAY - CEN;48.788167;2.276333;159;200307;41.6;8.0;3.0;1.0;0.0;27.9;16.1;22.0;;;
92032001;FONTENAY - CEN;48.788167;2.276333;159;200308;45.8;4.0;2.0;1.0;0.0;31.1;18.2;24.7;;;
92032001;FONTENAY - CEN;48.788167;2.276333;159;200309;16.4;2.0;1.0;1.0;0.0;23.3;12.1;17.7;;;
92032001;FONTENAY - CEN;48.788167;2.276333;159;200310;65.1;11.0;7.0;1.0;0.0;14.1;6.9;10.5;;;
92032001;FONTENAY - CEN;48.788167;2.276333;159;200311;35.9;9.0;1.0;0.0;0.0;11.8;5.3;8.5;;;
92032001;FONTENAY - CEN;48.788167;2.276333;159;200312;43.3;9.0;2.0;0.0;0.0;7.9;2.6;5.3;;;
92032001;FONTENAY - CEN;48.788167;2.276333;159;200401;101.3;18.0;9.0;3.0;0.0;7.7;2.8;5.2;;;
92032001;FONTENAY - CEN;48.788167;2.276333;159;200402;9.7;3.0;1.0;0.0;0.0;9.4;3.3;6.4;;;
92032001;FONTENAY - CEN;48.788167;2.276333;159;200403;38.7;9.0;3.0;0.0;0.0;11.7;3.7;7.7;;;
92032001;FONTENAY - CEN;48.788167;2.276333;159;200404;54.8;12.0;2.0;1.0;0.0;16.2;7.3;11.8;;;
92032001;FONTENAY - CEN;48.788167;2.276333;159;200405;45.4;9.0;4.0;1.0;0.0;19.7;9.6;14.6;;;
92032001;FONTENAY - CEN;48.788167;2.276333;159;200406;19.3;6.0;0.0;0.0;0.0;24.9;13.2;19.0;;;
92032001;FONTENAY - CEN;48.788167;2.276333;159;200407;57.5;10.0;5.0;0.0;0.0;25.2;14.4;19.8;;;
92032001;FONTENAY - CEN;48.788167;2.276333;159;200408;71.1;16.0;5.0;2.0;0.0;25.9;16.0;20.9;;;
92032001;FONTENAY - CEN;48.788167;2.276333;159;200409;35.7;4.0;2.0;1.0;0.0;23.4;13.4;18.4;;;
92032001;FONTENAY - CEN;48.788167;2.276333;159;200410;86.5;14.0;7.0;3.0;;16.8;9.0;12.9;;;
92032001;FONTENAY - CEN;48.788167;2.276333;159;200411;30.4;9.0;1.0;0.0;;10.6;5.5;8.0;;;
92032001;FONTENAY - CEN;48.788167;2.276333;159;200412;54.2;10.0;5.0;1.0;;4.5;1.5;2.8;;;
92032001;FONTENAY - CEN;48.788167;2.276333;159;200501;64.1;12.0;5.0;1.0;;;3.2;;;;
92032001;FONTENAY - CEN;48.788167;2.276333;159;200502;29.8;9.0;2.0;0.0;;5.5;0.9;3.2;;;
92032001;FONTENAY - CEN;48.788167;2.276333;159;200503;48.8;12.0;4.0;0.0;;11.8;3.7;7.7;;;
92032001;FONTENAY - CEN;48.788167;2.276333;159;200504;57.3;10.0;4.0;2.0;;16.5;7.1;11.8;;;
92032001;FONTENAY - CEN;48.788167;2.276333;159;200505;41.6;6.0;5.0;1.0;;20.4;10.3;15.3;;;
92032001;FONTENAY - CEN;48.788167;2.276333;159;200506;60.3;9.0;4.0;2.0;;26.5;14.9;20.7;;;
92032001;FONTENAY - CEN;48.788167;2.276333;159;200507;39.6;10.0;3.0;0.0;;25.7;15.9;20.8;;;
92032001;FONTENAY - CEN;48.788167;2.276333;159;200508;26.8;8.0;2.0;0.0;;24.6;12.1;18.3;;;
92032001;FONTENAY - CEN;48.788167;2.276333;159;200509;39.9;4.0;3.0;2.0;;22.7;12.2;17.4;;;
92032001;FONTENAY - CEN;48.788167;2.276333;159;200510;19.4;5.0;0.0;0.0;;19.8;9.9;14.9;;;
92032001;FONTENAY - CEN;48.788167;2.276333;159;200511;33.2;12.0;1.0;0.0;;10.1;3.3;6.7;;;
92032001;FONTENAY - CEN;48.788167;2.276333;159;200512;34.1;10.0;2.0;0.0;;6.6;1.0;3.8;;;
92032001;FONTENAY - CEN;48.788167;2.276333;159;200601;36.0;6.0;2.0;1.0;;5.4;0.5;3.0;;;
92032001;FONTENAY - CEN;48.788167;2.276333;159;200602;61.5;13.0;3.0;1.0;;5.4;1.2;3.3;;;
92032001;FONTENAY - CEN;48.788167;2.276333;159;200603;75.0;14.0;7.0;0.0;;9.0;2.5;5.7;;;
92032001;FONTENAY - CEN;48.788167;2.276333;159;200604;32.8;7.0;3.0;0.0;;15.5;6.7;11.1;;;
92032001;FONTENAY - CEN;48.788167;2.276333;159;200605;64.1;15.0;4.0;2.0;;19.5;10.6;15.0;;;
92032001;FONTENAY - CEN;48.788167;2.276333;159;200606;25.6;5.0;2.0;1.0;;25.2;13.4;19.3;;;
92032001;FONTENAY - CEN;48.788167;2.276333;159;200607;49.7;7.0;3.0;2.0;;30.8;18.1;24.4;;;
92032001;FONTENAY - CEN;48.788167;2.276333;159;200608;106.0;17.0;8.0;5.0;;22.7;13.5;18.1;;;
92032001;FONTENAY - CEN;48.788167;2.276333;159;200609;36.0;7.0;3.0;1.0;;25.0;14.3;19.6;;;
92032001;FONTENAY - CEN;48.788167;2.276333;159;200610;49.8;12.0;3.0;1.0;;18.8;11.2;15.0;;;
92032001;FONTENAY - CEN;48.788167;2.276333;159;200611;53.7;10.0;2.0;2.0;;13.1;6.2;9.7;;;
92032001;FONTENAY - CEN;48.788167;2.276333;159;200612;61.3;10.0;6.0;1.0;;8.0;2.9;5.5;;;
92032001;FONTENAY - CEN;48.788167;2.276333;159;200702;89.4;15.0;8.0;2.0;;12.0;5.4;8.7;;;
92032001;FONTENAY - CEN;48.788167;2.276333;159;200703;43.9;14.0;2.0;0.0;;12.8;4.7;8.7;;;
92032001;FONTENAY - CEN;48.788167;2.276333;159;200704;17.5;1.0;1.0;1.0;;22.4;9.9;16.2;;;
92032001;FONTENAY - CEN;48.788167;2.276333;159;200705;96.1;16.0;8.0;4.0;;21.0;11.1;16.1;;;
92032001;FONTENAY - CEN;48.788167;2.276333;159;200706;56.9;10.0;6.0;2.0;;23.6;13.9;18.8;;;
92032001;FONTENAY - CEN;48.788167;2.276333;159;200707;79.7;13.0;5.0;4.0;;24.4;14.0;19.2;;;
92032001;FONTENAY - CEN;48.788167;2.276333;159;200708;173.0;15.0;9.0;6.0;;23.1;12.8;18.0;;;
92032001;FONTENAY - CEN;48.788167;2.276333;159;200709;22.0;6.0;2.0;0.0;;21.5;10.7;16.1;;;
92032001;FONTENAY - CEN;48.788167;2.276333;159;200710;38.8;4.0;2.0;2.0;;16.2;8.1;12.2;;;
92032001;FONTENAY - CEN;48.788167;2.276333;159;200711;39.0;8.0;3.0;0.0;;10.2;4.1;7.1;;;
92032001;FONTENAY - CEN;48.788167;2.276333;159;200712;61.7;11.0;6.0;1.0;;7.3;2.2;4.7;;;
92032001;FONTENAY - CEN;48.788167;2.276333;159;200801;56.7;11.0;3.0;2.0;;9.5;3.9;6.7;;;
92032001;FONTENAY - CEN;48.788167;2.276333;159;200802;35.1;7.0;2.0;2.0;;10.7;3.3;7.0;;;
92032001;FONTENAY - CEN;48.788167;2.276333;159;200803;82.8;20.0;5.0;1.0;;11.3;4.1;7.7;;;
92032001;FONTENAY - CEN;48.788167;2.276333;159;200804;60.4;13.0;4.0;1.0;;15.6;5.9;10.7;;;
92032001;FONTENAY - CEN;48.788167;2.276333;159;200805;60.7;7.0;3.0;2.0;;22.7;12.8;17.7;;;
92032001;FONTENAY - CEN;48.788167;2.276333;159;200806;21.1;6.0;1.0;0.0;;23.7;13.3;18.5;;;
92032001;FONTENAY - CEN;48.788167;2.276333;159;200807;45.8;6.0;2.0;1.0;;26.0;14.7;20.3;;;
92032001;FONTENAY - CEN;48.788167;2.276333;159;200808;118.3;9.0;4.0;3.0;;24.0;14.6;19.3;;;
92032001;FONTENAY - CEN;48.788167;2.276333;159;200809;18.4;6.0;1.0;0.0;;19.9;10.9;15.4;;;
92032001;FONTENAY - CEN;48.788167;2.276333;159;200810;58.3;11.0;3.0;2.0;;16.1;7.5;11.8;;;
92032001;FONTENAY - CEN;48.788167;2.276333;159;200811;61.6;16.0;4.0;0.0;;10.8;4.9;7.9;;;
92032001;FONTENAY - CEN;48.788167;2.276333;159;200812;27.2;8.0;0.0;0.0;;5.7;1.1;3.4;;;
92032001;FONTENAY - CEN;48.788167;2.276333;159;200901;47.7;11.0;4.0;1.0;;4.8;-0.5;2.1;;;
92032001;FONTENAY - CEN;48.788167;2.276333;159;200902;45.3;11.0;2.0;1.0;;8.0;1.5;4.7;;;
92032001;FONTENAY - CEN;48.788167;2.276333;159;200903;36.9;9.0;2.0;1.0;;12.9;3.6;8.2;;;
92032001;FONTENAY - CEN;48.788167;2.276333;159;200904;48.0;9.0;4.0;0.0;;18.0;7.9;12.9;;;
92032001;FONTENAY - CEN;48.788167;2.276333;159;200905;53.3;11.0;4.0;2.0;;20.3;10.6;15.5;;;
92032001;FONTENAY - CEN;48.788167;2.276333;159;200906;44.7;8.0;4.0;1.0;;23.9;12.7;18.3;;;
92032001;FONTENAY - CEN;48.788167;2.276333;159;200907;49.0;9.0;4.0;1.0;;26.3;14.8;20.5;;;
92032001;FONTENAY - CEN;48.788167;2.276333;159;200908;10.4;2.0;1.0;0.0;;28.1;15.2;21.6;;;
92048001;MEUDON;48.812;2.228;160;200001;21.7;11.0;0.0;0.0;0.0;6.7;3.1;4.9;;;
92048001;MEUDON;48.812;2.228;160;200002;66.8;16.0;6.0;1.0;0.0;10.2;4.8;7.5;;;
92048001;MEUDON;48.812;2.228;160;200003;39.3;10.0;3.0;0.0;0.0;12.3;5.2;8.7;;;
92048001;MEUDON;48.812;2.228;160;200004;98.3;17.0;5.0;4.0;0.0;15.0;7.1;11.0;;;
92048001;MEUDON;48.812;2.228;160;200005;74.8;15.0;5.0;2.0;0.0;20.5;12.0;16.3;;;
92048001;MEUDON;48.812;2.228;160;200006;31.2;4.0;2.0;2.0;0.0;23.6;13.4;18.5;;;
92048001;MEUDON;48.812;2.228;160;200007;126.7;14.0;7.0;7.0;0.0;22.4;13.5;18.0;;;
92048001;MEUDON;48.812;2.228;160;200008;43.0;6.0;3.0;1.0;;;;;;;
92048001;MEUDON;48.812;2.228;160;200009;45.0;11.0;4.0;0.0;0.0;21.0;13.5;17.2;;;
92048001;MEUDON;48.812;2.228;160;200010;135.3;15.0;9.0;7.0;0.0;15.0;10.0;12.5;;;
92048001;MEUDON;48.812;2.228;160;200011;107.4;20.0;9.0;3.0;1.0;11.0;6.7;8.8;;;
92048001;MEUDON;48.812;2.228;160;200012;77.2;17.0;6.0;2.0;0.0;9.5;6.1;7.8;;;
92048001;MEUDON;48.812;2.228;160;200101;79.2;16.0;7.0;3.0;3.0;7.3;3.0;5.2;;;
92048001;MEUDON;48.812;2.228;160;200102;50.3;12.0;5.0;1.0;1.0;8.7;3.6;6.1;;;
92048001;MEUDON;48.812;2.228;160;200103;156.7;22.0;13.0;4.0;1.0;12.4;6.4;9.4;;;
92048001;MEUDON;48.812;2.228;160;200104;80.1;17.0;7.0;2.0;0.0;13.3;6.7;10.0;;;
92048001;MEUDON;48.812;2.228;160;200105;29.9;6.0;2.0;1.0;0.0;21.2;11.7;16.4;;;
92048001;MEUDON;48.812;2.228;160;200106;30.4;6.0;3.0;0.0;0.0;23.5;13.1;18.3;;;
92048001;MEUDON;48.812;2.228;160;200107;189.8;12.0;7.0;6.0;0.0;24.8;16.0;20.4;;;
92048001;MEUDON;48.812;2.228;160;200108;54.3;9.0;4.0;4.0;0.0;25.7;16.5;21.1;;;
92048001;MEUDON;48.812;2.228;160;200109;92.6;16.0;6.0;4.0;1.0;17.5;11.0;14.3;;;
92048001;MEUDON;48.812;2.228;160;200110;65.3;12.0;4.0;1.0;1.0;18.9;12.3;15.6;;;
92048001;MEUDON;48.812;2.228;160;200111;51.7;11.0;3.0;1.0;1.0;9.9;4.4;7.1;;;
92048001;MEUDON;48.812;2.228;160;200112;53.7;9.0;3.0;1.0;0.0;5.7;1.5;3.6;;;
92048001;MEUDON;48.812;2.228;160;200201;27.6;8.0;1.0;0.0;1.0;7.9;3.4;5.7;;;
92048001;MEUDON;48.812;2.228;160;200202;88.6;14.0;7.0;2.0;0.0;10.6;5.1;7.8;;;
92048001;MEUDON;48.812;2.228;160;200203;74.2;10.0;5.0;2.0;1.0;13.2;5.8;9.5;;;
92048001;MEUDON;48.812;2.228;160;200204;18.2;5.0;1.0;0.0;0.0;16.9;6.8;11.8;;;
92048001;MEUDON;48.812;2.228;160;200205;72.8;13.0;8.0;1.0;0.0;19.0;9.7;14.3;;;
92048001;MEUDON;48.812;2.228;160;200206;73.9;8.0;3.0;3.0;0.0;24.2;13.6;18.9;;;
92048001;MEUDON;48.812;2.228;160;200207;49.7;9.0;5.0;1.0;0.0;24.5;14.4;19.5;;;
92048001;MEUDON;48.812;2.228;160;200208;;;;;0.0;;;;;;
92048001;MEUDON;48.812;2.228;160;200209;18.9;5.0;1.0;0.0;0.0;20.2;11.6;15.9;;;
92048001;MEUDON;48.812;2.228;160;200210;87.1;9.0;6.0;4.0;1.0;16.2;9.3;12.8;;;
92048001;MEUDON;48.812;2.228;160;200211;121.6;16.0;9.0;6.0;0.0;11.6;7.4;9.5;;;
92048001;MEUDON;48.812;2.228;160;200212;80.1;19.0;7.0;2.0;2.0;7.1;3.8;5.3;;;
92048001;MEUDON;48.812;2.228;160;200301;49.2;14.0;3.0;0.0;1.0;4.6;0.1;2.3;;;
92048001;MEUDON;48.812;2.228;160;200302;29.7;7.0;2.0;0.0;0.0;7.0;1.4;4.2;;;
92048001;MEUDON;48.812;2.228;160;200303;23.3;2.0;1.0;1.0;0.0;15.5;6.4;10.9;;;
92048001;MEUDON;48.812;2.228;160;200304;33.3;8.0;1.0;1.0;0.0;17.7;6.8;12.3;;;
92048001;MEUDON;48.812;2.228;160;200305;72.6;12.0;3.0;3.0;0.0;20.1;10.3;15.2;;;
92048001;MEUDON;48.812;2.228;160;200306;33.0;10.0;1.0;0.0;0.0;27.4;16.7;22.1;;;
92048001;MEUDON;48.812;2.228;160;200307;40.5;9.0;4.0;2.0;0.0;25.2;15.1;19.9;;;
92048001;MEUDON;48.812;2.228;160;200308;47.7;4.0;2.0;2.0;0.0;38.8;22.5;30.7;;;
92048001;MEUDON;48.812;2.228;160;200309;19.3;3.0;1.0;1.0;0.0;22.6;12.0;17.3;;;
92048001;MEUDON;48.812;2.228;160;200310;68.7;12.0;7.0;2.0;0.0;13.1;6.6;9.8;;;
92048001;MEUDON;48.812;2.228;160;200311;63.3;12.0;2.0;2.0;3.0;11.7;6.2;9.0;;;
92048001;MEUDON;48.812;2.228;160;200312;48.6;11.0;5.0;0.0;1.0;7.6;3.5;5.6;;;
92048001;MEUDON;48.812;2.228;160;200401;111.1;17.0;11.0;4.0;1.0;7.3;3.0;5.1;;;
92048001;MEUDON;48.812;2.228;160;200402;8.0;3.0;0.0;0.0;0.0;8.8;2.9;5.9;;;
92048001;MEUDON;48.812;2.228;160;200403;39.5;7.0;4.0;0.0;0.0;11.3;3.8;7.5;;;
92048001;MEUDON;48.812;2.228;160;200404;69.5;15.0;4.0;1.0;0.0;15.9;7.3;11.6;;;
92048001;MEUDON;48.812;2.228;160;200405;38.3;8.0;3.0;1.0;0.0;19.3;8.8;14.0;;;
92048001;MEUDON;48.812;2.228;160;200406;15.6;5.0;0.0;0.0;0.0;24.2;12.9;18.5;;;
92048001;MEUDON;48.812;2.228;160;200407;;;;;;;;;;;
92048001;MEUDON;48.812;2.228;160;200408;75.5;13.0;6.0;3.0;0.0;28.3;17.6;22.9;;;
92048001;MEUDON;48.812;2.228;160;200409;32.4;6.0;2.0;1.0;0.0;22.4;13.1;17.7;;;
92048001;MEUDON;48.812;2.228;160;200410;82.9;14.0;6.0;2.0;;16.2;9.3;12.8;;;
92048001;MEUDON;48.812;2.228;160;200411;27.6;10.0;1.0;0.0;;9.9;5.4;7.7;;;
92048001;MEUDON;48.812;2.228;160;200412;42.4;10.0;3.0;1.0;;4.2;1.7;2.9;;;
92048001;MEUDON;48.812;2.228;160;200501;51.7;11.0;4.0;0.0;;7.7;3.3;5.5;;;
92048001;MEUDON;48.812;2.228;160;200502;32.7;8.0;2.0;1.0;;5.8;1.2;3.5;;;
92048001;MEUDON;48.812;2.228;160;200503;50.6;13.0;3.0;0.0;1.0;12.0;4.5;8.2;;;
92048001;MEUDON;48.812;2.228;160;200504;59.0;11.0;4.0;3.0;;16.2;7.2;11.7;;;
92048001;MEUDON;48.812;2.228;160;200505;41.3;6.0;4.0;1.0;;20.4;10.1;15.3;;;
92048001;MEUDON;48.812;2.228;160;200506;64.5;9.0;3.0;1.0;;26.2;14.5;20.3;;;
92048001;MEUDON;48.812;2.228;160;200507;45.5;11.0;3.0;2.0;;24.4;14.9;19.8;;;
92048001;MEUDON;48.812;2.228;160;200508;37.1;8.0;2.0;1.0;;25.5;13.3;19.4;;;
92048001;MEUDON;48.812;2.228;160;200509;35.1;5.0;2.0;1.0;;22.6;13.6;18.1;;;
92048001;MEUDON;48.812;2.228;160;200510;24.6;9.0;0.0;0.0;1.0;19.4;12.4;15.9;;;
92048001;MEUDON;48.812;2.228;160;200511;40.2;14.0;3.0;0.0;;9.1;3.6;6.3;;;
92048001;MEUDON;48.812;2.228;160;200512;38.8;13.0;3.0;0.0;1.0;6.2;1.4;3.8;;;
92048001;MEUDON;48.812;2.228;160;200601;31.7;7.0;2.0;1.0;;5.1;0.7;2.9;;;
92048001;MEUDON;48.812;2.228;160;200602;64.8;11.0;3.0;2.0;2.0;5.7;1.1;3.4;;;
92048001;MEUDON;48.812;2.228;160;200603;82.0;14.0;8.0;3.0;;9.4;2.9;6.1;;;
92048001;MEUDON;48.812;2.228;160;200604;56.0;7.0;4.0;2.0;;15.6;6.3;11.0;;;
92048001;MEUDON;48.812;2.228;160;200605;58.6;13.0;7.0;0.0;;19.6;10.5;15.1;;;
92048001;MEUDON;48.812;2.228;160;200606;30.7;5.0;2.0;1.0;;24.9;13.8;19.4;;;
92048001;MEUDON;48.812;2.228;160;200607;45.8;7.0;4.0;2.0;;31.1;18.3;24.7;;;
92048001;MEUDON;48.812;2.228;160;200608;;;;;;;;;;;
92048001;MEUDON;48.812;2.228;160;200609;30.0;5.0;2.0;1.0;;24.2;15.5;19.9;;;
92048001;MEUDON;48.812;2.228;160;200610;41.8;11.0;2.0;1.0;1.0;18.2;11.9;15.0;;;
92048001;MEUDON;48.812;2.228;160;200611;55.2;11.0;3.0;2.0;;12.4;6.5;9.5;;;
92048001;MEUDON;48.812;2.228;160;200612;63.5;10.0;6.0;1.0;1.0;7.8;3.4;5.6;;;
92048001;MEUDON;48.812;2.228;160;200701;40.9;13.0;2.0;0.0;;9.8;6.0;7.9;;;
92048001;MEUDON;48.812;2.228;160;200702;89.5;13.0;7.0;4.0;;11.3;5.5;8.4;;;
92048001;MEUDON;48.812;2.228;160;200703;51.4;12.0;3.0;0.0;;12.1;4.8;8.5;;;
92048001;MEUDON;48.812;2.228;160;200704;12.9;1.0;1.0;1.0;;22.2;9.7;15.9;;;
92048001;MEUDON;48.812;2.228;160;200705;106.9;15.0;11.0;3.0;;20.5;11.5;16.0;;;
92048001;MEUDON;48.812;2.228;160;200706;56.9;13.0;4.0;2.0;;23.2;14.5;18.9;;;
92048001;MEUDON;48.812;2.228;160;200707;84.4;12.0;5.0;4.0;;23.6;14.2;18.9;;;
92048001;MEUDON;48.812;2.228;160;200709;17.6;4.0;1.0;0.0;;20.9;11.2;16.0;;;
92048001;MEUDON;48.812;2.228;160;200710;53.0;4.0;3.0;2.0;2.0;16.0;8.4;12.2;;;
92048001;MEUDON;48.812;2.228;160;200711;44.4;10.0;4.0;0.0;;10.1;4.1;7.1;;;
92048001;MEUDON;48.812;2.228;160;200712;77.3;11.0;5.0;2.0;;7.1;1.6;4.4;;;
92048001;MEUDON;48.812;2.228;160;200801;61.0;11.0;3.0;2.0;1.0;9.5;4.0;6.8;;;
92048001;MEUDON;48.812;2.228;160;200802;40.2;11.0;2.0;1.0;;11.2;3.0;7.1;;;
92048001;MEUDON;48.812;2.228;160;200803;93.2;17.0;9.0;3.0;;11.1;4.3;7.7;;;
92048001;MEUDON;48.812;2.228;160;200804;71.9;15.0;6.0;1.0;;15.7;5.7;10.7;;;
92048001;MEUDON;48.812;2.228;160;200805;77.1;8.0;5.0;2.0;;22.9;12.1;17.5;;;
92048001;MEUDON;48.812;2.228;160;200806;17.8;6.0;0.0;0.0;;23.5;13.1;18.3;;;
92048001;MEUDON;48.812;2.228;160;200807;44.7;7.0;2.0;1.0;;25.5;14.4;19.9;;;
92048001;MEUDON;48.812;2.228;160;200808;;;;;;;;;;;
92048001;MEUDON;48.812;2.228;160;200809;26.6;8.0;1.0;1.0;;20.6;10.4;15.5;;;
92048001;MEUDON;48.812;2.228;160;200810;65.7;13.0;5.0;2.0;;15.7;7.7;11.7;;;
92048001;MEUDON;48.812;2.228;160;200811;63.4;15.0;5.0;0.0;2.0;9.4;4.0;6.6;;;
92048001;MEUDON;48.812;2.228;160;200812;38.1;10.0;3.0;0.0;1.0;5.6;1.0;3.3;;;
92048001;MEUDON;48.812;2.228;160;200901;49.3;10.0;4.0;1.0;3.0;6.5;1.2;3.7;;;
92048001;MEUDON;48.812;2.228;160;200902;58.8;11.0;5.0;1.0;;7.9;1.5;4.7;;;
92048001;MEUDON;48.812;2.228;160;200903;36.8;10.0;1.0;1.0;1.0;12.6;4.1;8.4;;;
92048001;MEUDON;48.812;2.228;160;200904;52.0;7.0;6.0;1.0;1.0;17.8;7.8;12.8;;;
92048001;MEUDON;48.812;2.228;160;200905;64.1;11.0;4.0;1.0;;20.0;10.4;15.2;;;
92048001;MEUDON;48.812;2.228;160;200906;79.5;9.0;6.0;4.0;;23.3;12.2;17.7;;;
92048001;MEUDON;48.812;2.228;160;200907;44.6;11.0;3.0;0.0;;25.6;14.8;20.2;;;
92048001;MEUDON;48.812;2.228;160;200908;;;;;;27.7;14.9;21.3;;;
92048001;MEUDON;48.812;2.228;160;200909;32.7;5.0;4.0;1.0;;22.5;12.5;17.5;;;
92048001;MEUDON;48.812;2.228;160;200910;51.5;9.0;4.0;1.0;2.0;17.2;8.9;13.1;;;
92048001;MEUDON;48.812;2.228;160;200911;72.3;18.0;4.0;1.0;;12.7;7.8;10.2;;;
92048001;MEUDON;48.812;2.228;160;200912;;;;;;6.5;1.4;4.0;;;
92048001;MEUDON;48.812;2.228;160;201001;39.5;6.0;3.0;2.0;2.0;3.0;-0.8;1.1;;;
92048001;MEUDON;48.812;2.228;160;201002;67.7;14.0;4.0;2.0;;7.1;1.5;4.3;;;
92048001;MEUDON;48.812;2.228;160;201003;44.1;9.0;4.0;1.0;;12.0;3.5;7.8;;;
92048001;MEUDON;48.812;2.228;160;201004;16.3;3.0;2.0;0.0;;17.8;6.7;12.2;;;
92048001;MEUDON;48.812;2.228;160;201005;51.1;8.0;2.0;1.0;;18.4;8.9;13.6;;;
92048001;MEUDON;48.812;2.228;160;201006;91.2;9.0;4.0;2.0;;24.3;13.9;19.1;;;
92048001;MEUDON;48.812;2.228;160;201007;104.7;5.0;3.0;3.0;;26.7;16.2;21.5;;;
92048001;MEUDON;48.812;2.228;160;201008;;;;;;20.0;;;;;
92048001;MEUDON;48.812;2.228;160;201009;67.4;10.0;5.0;2.0;;20.9;11.1;16.0;;;
92048001;MEUDON;48.812;2.228;160;201010;43.0;10.0;3.0;1.0;1.0;15.6;8.1;11.8;;;
92048001;MEUDON;48.812;2.228;160;201011;88.6;13.0;7.0;2.0;3.0;9.3;5.0;7.1;;;
92048001;MEUDON;48.812;2.228;160;201012;;;;;;2.4;-1.1;0.7;;;
92048001;MEUDON;48.812;2.228;160;201101;56.6;8.0;5.0;2.0;;7.1;2.7;4.9;;;
92048001;MEUDON;48.812;2.228;160;201102;37.8;7.0;3.0;1.0;5.0;9.6;4.1;6.9;;;
92048001;MEUDON;48.812;2.228;160;201103;21.1;6.0;2.0;0.0;1.0;14.3;5.0;9.6;;;
92048001;MEUDON;48.812;2.228;160;201104;13.0;2.0;1.0;0.0;;21.2;9.6;15.4;;;
92048001;MEUDON;48.812;2.228;160;201105;3.0;1.0;0.0;0.0;;23.1;10.6;16.9;;;
92048001;MEUDON;48.812;2.228;160;201106;70.0;15.0;5.0;1.0;;23.5;13.1;18.3;;;
92048001;MEUDON;48.812;2.228;160;201107;65.8;10.0;5.0;2.0;;23.0;13.0;18.0;;;
92048001;MEUDON;48.812;2.228;160;201108;89.0;11.0;5.0;4.0;;24.0;;;;;
92048001;MEUDON;48.812;2.228;160;201109;38.6;5.0;3.0;1.0;;23.8;13.4;18.6;;;
92048001;MEUDON;48.812;2.228;160;201110;24.8;7.0;1.0;1.0;;17.7;9.7;13.7;;;
92048001;MEUDON;48.812;2.228;160;201111;48.3;4.0;3.0;3.0;5.0;12.9;7.3;10.1;;;
92048001;MEUDON;48.812;2.228;160;201112;125.2;22.0;10.0;3.0;;9.5;4.3;6.9;;;
92073001;SURESNES;48.871333;2.235333;28;200001;21.1;6.0;1.0;0.0;0.0;;;;;;
92073001;SURESNES;48.871333;2.235333;28;200002;51.4;16.0;2.0;0.0;0.0;;;;;;
92073001;SURESNES;48.871333;2.235333;28;200003;35.0;9.0;3.0;0.0;0.0;;;;;;
92073001;SURESNES;48.871333;2.235333;28;200004;99.2;18.0;5.0;3.0;0.0;;;;;;
92073001;SURESNES;48.871333;2.235333;28;200005;77.9;13.0;4.0;3.0;0.0;;;;;;
92073001;SURESNES;48.871333;2.235333;28;200006;29.4;4.0;2.0;2.0;0.0;;;;;;
92073001;SURESNES;48.871333;2.235333;28;200007;138.9;16.0;10.0;7.0;0.0;;;;;;
92073001;SURESNES;48.871333;2.235333;28;200008;56.1;8.0;3.0;2.0;0.0;;;;;;
92073001;SURESNES;48.871333;2.235333;28;200009;48.7;9.0;3.0;1.0;0.0;;;;;;
92073001;SURESNES;48.871333;2.235333;28;200010;125.9;12.0;9.0;5.0;0.0;;;;;;
92073001;SURESNES;48.871333;2.235333;28;200011;94.7;18.0;9.0;4.0;0.0;;;;;;
92073001;SURESNES;48.871333;2.235333;28;200012;77.7;16.0;5.0;2.0;0.0;;;;;;
92073001;SURESNES;48.871333;2.235333;28;200101;64.0;14.0;6.0;1.0;0.0;;;;;;
92073001;SURESNES;48.871333;2.235333;28;200102;44.8;12.0;3.0;1.0;0.0;;;;;;
92073001;SURESNES;48.871333;2.235333;28;200103;138.8;22.0;10.0;3.0;0.0;;;;;;
92073001;SURESNES;48.871333;2.235333;28;200104;67.8;15.0;6.0;2.0;0.0;;;;;;
92073001;SURESNES;48.871333;2.235333;28;200105;33.2;6.0;1.0;1.0;;;;;;;
92073001;SURESNES;48.871333;2.235333;28;200106;41.4;6.0;3.0;1.0;0.0;;;;;;
92073001;SURESNES;48.871333;2.235333;28;200107;205.6;11.0;7.0;4.0;0.0;;;;;;
92073001;SURESNES;48.871333;2.235333;28;200108;43.4;8.0;4.0;1.0;0.0;;;;;;
92073001;SURESNES;48.871333;2.235333;28;200109;77.1;15.0;5.0;2.0;0.0;;;;;;
92073001;SURESNES;48.871333;2.235333;28;200110;63.8;12.0;5.0;2.0;0.0;;;;;;
92073001;SURESNES;48.871333;2.235333;28;200111;43.1;10.0;3.0;1.0;;;;;;;
92073001;SURESNES;48.871333;2.235333;28;200112;42.3;7.0;3.0;1.0;0.0;;;;;;
92073001;SURESNES;48.871333;2.235333;28;200201;23.2;5.0;1.0;0.0;1.0;;;;;;
92073001;SURESNES;48.871333;2.235333;28;200202;83.5;13.0;5.0;2.0;0.0;;;;;;
92073001;SURESNES;48.871333;2.235333;28;200203;65.7;10.0;4.0;2.0;0.0;;;;;;
92073001;SURESNES;48.871333;2.235333;28;200204;8.5;3.0;0.0;0.0;0.0;;;;;;
92073001;SURESNES;48.871333;2.235333;28;200205;61.8;14.0;4.0;1.0;0.0;;;;;;
92073001;SURESNES;48.871333;2.235333;28;200206;66.5;6.0;3.0;3.0;0.0;;;;;;
92073001;SURESNES;48.871333;2.235333;28;200207;44.1;9.0;2.0;1.0;0.0;;;;;;
92073001;SURESNES;48.871333;2.235333;28;200208;41.3;10.0;1.0;1.0;0.0;;;;;;
92073001;SURESNES;48.871333;2.235333;28;200209;20.6;7.0;1.0;0.0;0.0;;;;;;
92073001;SURESNES;48.871333;2.235333;28;200210;61.1;11.0;4.0;3.0;1.0;;;;;;
92073001;SURESNES;48.871333;2.235333;28;200211;113.8;13.0;8.0;7.0;1.0;;;;;;
92073001;SURESNES;48.871333;2.235333;28;200212;67.5;16.0;4.0;2.0;0.0;;;;;;
92073001;SURESNES;48.871333;2.235333;28;200301;46.6;11.0;2.0;0.0;0.0;;;;;;
92073001;SURESNES;48.871333;2.235333;28;200302;27.5;7.0;2.0;0.0;0.0;;;;;;
92073001;SURESNES;48.871333;2.235333;28;200303;13.4;3.0;1.0;0.0;0.0;;;;;;
92073001;SURESNES;48.871333;2.235333;28;200304;33.4;8.0;1.0;1.0;1.0;;;;;;
92073001;SURESNES;48.871333;2.235333;28;200305;68.1;8.0;3.0;3.0;0.0;;;;;;
92073001;SURESNES;48.871333;2.235333;28;200306;65.1;8.0;5.0;2.0;0.0;;;;;;
92073001;SURESNES;48.871333;2.235333;28;200307;59.8;8.0;4.0;3.0;;;;;;;
92073001;SURESNES;48.871333;2.235333;28;200308;54.7;3.0;3.0;2.0;0.0;;;;;;
92073001;SURESNES;48.871333;2.235333;28;200309;14.3;3.0;1.0;0.0;0.0;;;;;;
92073001;SURESNES;48.871333;2.235333;28;200310;65.2;11.0;5.0;1.0;3.0;;;;;;
92073001;SURESNES;48.871333;2.235333;28;200311;57.8;11.0;2.0;2.0;3.0;;;;;;
92073001;SURESNES;48.871333;2.235333;28;200312;43.5;9.0;5.0;0.0;2.0;;;;;;
92073001;SURESNES;48.871333;2.235333;28;200401;93.0;16.0;7.0;2.0;1.0;;;;;;
92073001;SURESNES;48.871333;2.235333;28;200402;6.7;2.0;0.0;0.0;0.0;;;;;;
92073001;SURESNES;48.871333;2.235333;28;200403;30.6;7.0;3.0;0.0;0.0;;;;;;
92073001;SURESNES;48.871333;2.235333;28;200404;53.4;13.0;2.0;1.0;0.0;;;;;;
92073001;SURESNES;48.871333;2.235333;28;200405;33.2;7.0;3.0;0.0;0.0;;;;;;
92073001;SURESNES;48.871333;2.235333;28;200406;12.6;4.0;0.0;0.0;;;;;;;
92073001;SURESNES;48.871333;2.235333;28;200407;41.5;10.0;4.0;0.0;0.0;;;;;;
92073001;SURESNES;48.871333;2.235333;28;200408;84.9;13.0;6.0;2.0;0.0;;;;;;
92073001;SURESNES;48.871333;2.235333;28;200409;26.0;4.0;2.0;1.0;0.0;;;;;;
92073001;SURESNES;48.871333;2.235333;28;200410;86.1;12.0;5.0;3.0;;;;;;;
92073001;SURESNES;48.871333;2.235333;28;200411;28.4;7.0;2.0;0.0;;;;;;;
92073001;SURESNES;48.871333;2.235333;28;200412;40.3;7.0;3.0;1.0;;;;;;;
92073001;SURESNES;48.871333;2.235333;28;200501;46.1;10.0;2.0;1.0;;;;;;;
92073001;SURESNES;48.871333;2.235333;28;200502;24.5;6.0;1.0;0.0;;;;;;;
92073001;SURESNES;48.871333;2.235333;28;200503;44.6;11.0;4.0;0.0;;;;;;;
92073001;SURESNES;48.871333;2.235333;28;200504;65.9;12.0;5.0;3.0;;;;;;;
92073001;SURESNES;48.871333;2.235333;28;200505;45.2;7.0;4.0;3.0;;;;;;;
92073001;SURESNES;48.871333;2.235333;28;200506;74.3;8.0;3.0;1.0;;26.6;14.3;20.5;;;
92073001;SURESNES;48.871333;2.235333;28;200507;35.2;6.0;3.0;1.0;;25.8;16.3;21.1;;;
92073001;SURESNES;48.871333;2.235333;28;200508;40.6;8.0;3.0;1.0;;25.7;14.5;20.3;;;
92073001;SURESNES;48.871333;2.235333;28;200509;28.6;4.0;2.0;1.0;1.0;23.7;13.5;18.6;;;
92073001;SURESNES;48.871333;2.235333;28;200510;25.6;6.0;1.0;0.0;1.0;20.5;12.4;16.5;;;
92073001;SURESNES;48.871333;2.235333;28;200511;27.7;9.0;0.0;0.0;;10.4;4.9;7.7;;;
92073001;SURESNES;48.871333;2.235333;28;200512;24.9;9.0;1.0;0.0;;7.6;2.3;5.0;;;
92073001;SURESNES;48.871333;2.235333;28;200601;31.1;6.0;2.0;0.0;;6.7;1.2;4.0;;;
92073001;SURESNES;48.871333;2.235333;28;200602;60.2;11.0;3.0;2.0;1.0;6.8;1.7;4.2;;;
92073001;SURESNES;48.871333;2.235333;28;200603;69.6;14.0;5.0;1.0;;10.4;4.1;7.2;;;
92073001;SURESNES;48.871333;2.235333;28;200604;50.0;6.0;3.0;1.0;;15.8;7.2;11.5;;;
92073001;SURESNES;48.871333;2.235333;28;200605;73.6;15.0;5.0;2.0;;19.9;11.5;15.7;;;
92073001;SURESNES;48.871333;2.235333;28;200606;29.3;4.0;2.0;1.0;;25.3;14.7;20.0;;;
92073001;SURESNES;48.871333;2.235333;28;200607;25.5;6.0;2.0;0.0;;31.1;18.9;25.0;;;
92073001;SURESNES;48.871333;2.235333;28;200608;89.4;14.0;7.0;4.0;;22.2;14.7;18.5;;;
92073001;SURESNES;48.871333;2.235333;28;200609;32.7;5.0;2.0;1.0;;24.6;15.2;19.9;;;
92073001;SURESNES;48.871333;2.235333;28;200610;38.5;8.0;2.0;2.0;1.0;19.3;12.2;15.8;;;
92073001;SURESNES;48.871333;2.235333;28;200611;53.6;9.0;3.0;2.0;;14.0;6.9;10.4;;;
92073001;SURESNES;48.871333;2.235333;28;200612;67.8;9.0;5.0;3.0;;9.4;3.9;6.6;;;
92073001;SURESNES;48.871333;2.235333;28;200701;23.4;10.0;0.0;0.0;;11.0;6.1;8.6;;;
92073001;SURESNES;48.871333;2.235333;28;200702;78.0;13.0;6.0;2.0;;12.3;6.0;9.1;;;
92073001;SURESNES;48.871333;2.235333;28;200703;39.0;12.0;3.0;0.0;;12.8;5.0;8.9;;;
92073001;SURESNES;48.871333;2.235333;28;200704;11.5;1.0;1.0;1.0;;22.5;10.0;16.2;;;
92073001;SURESNES;48.871333;2.235333;28;200705;81.9;13.0;7.0;2.0;;20.7;12.5;16.6;;;
92073001;SURESNES;48.871333;2.235333;28;200706;49.0;12.0;4.0;0.0;;23.2;15.0;19.1;;;
92073001;SURESNES;48.871333;2.235333;28;200707;77.4;11.0;5.0;3.0;;23.7;14.9;19.3;;;
92073001;SURESNES;48.871333;2.235333;28;200708;133.3;15.0;8.0;4.0;;23.2;13.7;18.5;;;
92073001;SURESNES;48.871333;2.235333;28;200709;16.5;5.0;1.0;0.0;;20.7;11.4;16.0;;;
92073001;SURESNES;48.871333;2.235333;28;200710;52.3;5.0;4.0;1.0;;16.1;8.6;12.4;;;
92073001;SURESNES;48.871333;2.235333;28;200711;33.7;8.0;2.0;0.0;;11.5;4.9;8.2;;;
92073001;SURESNES;48.871333;2.235333;28;200712;55.1;11.0;4.0;1.0;;8.2;2.9;5.5;;;
92073001;SURESNES;48.871333;2.235333;28;200801;48.9;9.0;3.0;2.0;;10.6;5.3;7.9;;;
92073001;SURESNES;48.871333;2.235333;28;200802;32.4;8.0;2.0;1.0;;11.6;3.5;7.6;;;
92073001;SURESNES;48.871333;2.235333;28;200803;82.5;19.0;7.0;1.0;;11.4;5.1;8.3;;;
92073001;SURESNES;48.871333;2.235333;28;200804;46.4;12.0;3.0;0.0;;15.1;6.3;10.7;;;
92073001;SURESNES;48.871333;2.235333;28;200805;62.1;8.0;3.0;1.0;;22.8;12.6;17.7;;;
92073001;SURESNES;48.871333;2.235333;28;200806;18.0;5.0;1.0;0.0;;23.2;14.5;18.8;;;
92073001;SURESNES;48.871333;2.235333;28;200807;40.7;7.0;3.0;1.0;;25.5;15.6;20.5;;;
92073001;SURESNES;48.871333;2.235333;28;200808;53.9;7.0;2.0;2.0;;23.8;14.9;19.3;;;
92073001;SURESNES;48.871333;2.235333;28;200809;28.6;6.0;1.0;1.0;;20.6;10.6;15.6;;;
92073001;SURESNES;48.871333;2.235333;28;200810;72.5;11.0;5.0;2.0;;16.1;8.0;12.1;;;
92073001;SURESNES;48.871333;2.235333;28;200811;50.1;14.0;3.0;0.0;;11.3;5.8;8.6;;;
92073001;SURESNES;48.871333;2.235333;28;200812;32.9;10.0;2.0;0.0;;6.6;1.7;4.2;;;
92073001;SURESNES;48.871333;2.235333;28;200901;51.8;10.0;4.0;1.0;;5.4;-0.1;2.6;;;
92073001;SURESNES;48.871333;2.235333;28;200902;51.2;10.0;4.0;1.0;;8.4;1.9;5.1;;;
92073001;SURESNES;48.871333;2.235333;28;200903;29.6;9.0;2.0;0.0;;12.7;4.4;8.6;;;
92073001;SURESNES;48.871333;2.235333;28;200904;39.2;8.0;3.0;1.0;;18.3;9.0;13.6;;;
92073001;SURESNES;48.871333;2.235333;28;200905;62.2;9.0;4.0;2.0;;20.5;10.7;15.6;;;
92073001;SURESNES;48.871333;2.235333;28;200906;65.1;8.0;5.0;3.0;;23.4;13.7;18.6;;;
92073001;SURESNES;48.871333;2.235333;28;200907;32.2;10.0;2.0;0.0;;25.5;16.3;20.9;;;
92073001;SURESNES;48.871333;2.235333;28;200908;7.5;2.0;1.0;0.0;;27.6;15.3;21.5;;;
92073001;SURESNES;48.871333;2.235333;28;200909;20.1;5.0;2.0;0.0;;23.0;13.3;18.1;;;
92073001;SURESNES;48.871333;2.235333;28;200910;50.2;10.0;3.0;2.0;;17.2;9.4;13.3;;;
92073001;SURESNES;48.871333;2.235333;28;200911;60.4;16.0;4.0;1.0;;13.4;8.7;11.0;;;
92073001;SURESNES;48.871333;2.235333;28;200912;72.9;15.0;8.0;1.0;;7.8;2.3;5.0;;;
92073001;SURESNES;48.871333;2.235333;28;201001;35.4;7.0;3.0;1.0;;4.8;0.0;2.4;;;
92073001;SURESNES;48.871333;2.235333;28;201002;52.6;12.0;3.0;2.0;;7.6;2.1;4.8;;;
92073001;SURESNES;48.871333;2.235333;28;201003;38.7;9.0;4.0;0.0;2.0;12.5;4.5;8.5;;;
92073001;SURESNES;48.871333;2.235333;28;201004;15.8;3.0;1.0;0.0;;18.2;6.5;12.3;;;
92073001;SURESNES;48.871333;2.235333;28;201005;55.4;8.0;5.0;1.0;;18.4;9.5;14.0;;;
92073001;SURESNES;48.871333;2.235333;28;201006;72.8;7.0;4.0;2.0;;24.4;14.6;19.5;;;
92073001;SURESNES;48.871333;2.235333;28;201007;70.9;5.0;3.0;2.0;;27.0;17.4;22.2;;;
92073001;SURESNES;48.871333;2.235333;28;201008;46.9;12.0;3.0;1.0;;23.8;14.4;19.1;;;
92073001;SURESNES;48.871333;2.235333;28;201009;66.3;9.0;5.0;2.0;;21.3;11.9;16.6;;;
92073001;SURESNES;48.871333;2.235333;28;201010;39.5;8.0;3.0;0.0;;16.7;8.5;12.6;;;
92073001;SURESNES;48.871333;2.235333;28;201011;80.9;14.0;6.0;3.0;;10.3;5.7;8.0;;;
92073001;SURESNES;48.871333;2.235333;28;201012;69.2;11.0;5.0;2.0;;3.8;-0.4;1.7;;;
92073001;SURESNES;48.871333;2.235333;28;201101;55.7;10.0;4.0;2.0;;8.0;3.5;5.7;;;
92073001;SURESNES;48.871333;2.235333;28;201102;31.4;8.0;3.0;0.0;1.0;10.4;4.2;7.3;;;
92073001;SURESNES;48.871333;2.235333;28;201103;21.3;4.0;2.0;0.0;;14.9;5.7;10.3;;;
92073001;SURESNES;48.871333;2.235333;28;201104;8.8;2.0;0.0;0.0;;21.1;9.9;15.5;;;
92073001;SURESNES;48.871333;2.235333;28;201105;2.2;1.0;0.0;0.0;;22.8;11.2;17.0;;;
92073001;SURESNES;48.871333;2.235333;28;201106;;;;;;23.9;13.3;18.6;;;
92073001;SURESNES;48.871333;2.235333;28;201107;61.0;9.0;3.0;2.0;;22.4;13.8;18.1;;;
92073001;SURESNES;48.871333;2.235333;28;201108;79.1;11.0;6.0;4.0;;24.6;14.2;19.4;;;
92073001;SURESNES;48.871333;2.235333;28;201109;30.6;4.0;2.0;1.0;;23.9;12.8;18.4;;;
92073001;SURESNES;48.871333;2.235333;28;201110;23.4;5.0;1.0;0.0;;18.6;9.9;14.2;;;
92073001;SURESNES;48.871333;2.235333;28;201111;44.0;4.0;3.0;3.0;1.0;13.9;7.2;10.6;;;
92073001;SURESNES;48.871333;2.235333;28;201112;96.9;22.0;7.0;2.0;;10.9;5.1;8.0;;;
